Time;Xpos;Ypos;Zpos;Roll;Pitch;Yaw
J0:19:15:00:073;37891.0;-84427.0;-53621.0;0.0;0.0;89.999954
J0:19:15:00:466;37891.0;-84427.0;-53621.0;0.0;0.0;89.999954
J0:19:15:00:866;37891.0;-84427.0;-53621.0;0.0;0.0;89.999954
J0:19:15:01:266;37891.0;-84427.0;-53621.0;0.0;0.0;89.999954
J0:19:15:01:659;37891.0;-84427.0;-53621.0;0.0;0.0;89.999954
J0:19:15:02:045;37891.0;-84427.0;-53621.0;0.0;0.0;89.999954
J0:19:15:02:445;37891.0;-84427.0;-53621.0;0.0;0.0;89.999954
J0:19:15:02:838;37891.0;-84427.0;-53621.0;0.0;0.0;89.999954
J0:19:15:03:232;37891.0;-84427.0;-53621.0;0.0;0.0;89.999954
J0:19:15:03:631;37891.0;-84427.0;-53621.0;0.0;0.0;89.999954
J0:19:15:04:025;37891.0;-84427.0;-53621.0;0.0;0.0;89.999954
J0:19:15:04:424;37891.0;-84427.0;-53621.0;0.0;0.0;89.999954
J0:19:15:04:818;37891.0;-84427.0;-53621.0;0.0;0.0;89.999954
J0:19:15:05:217;37891.0;-84427.0;-53621.0;0.0;0.0;89.999954
J0:19:15:05:611;37891.0;-84427.0;-53621.0;0.0;0.0;89.999954
J0:19:15:06:010;37891.0;-84427.0;-53621.0;0.0;0.0;89.999954
J0:19:15:06:404;37891.0;-84427.0;-53621.0;0.0;0.0;89.999954
J0:19:15:06:803;37891.0;-84427.0;-53621.0;0.0;0.0;89.999954
J0:19:15:07:203;37891.0;-84427.0;-53621.0;0.0;0.0;89.999954
J0:19:15:07:603;37891.0;-84427.0;-53621.0;0.0;0.0;89.999954
J0:19:15:08:003;37891.0;-84427.0;-53621.0;0.0;0.0;89.999954
J0:19:15:08:409;37891.0;-84427.0;-53621.0;0.0;0.0;89.999954
J0:19:15:08:802;37891.0;-84427.0;-53621.0;0.0;0.0;89.999954
J0:19:15:09:202;37891.0;-84427.0;-53621.0;0.0;0.0;89.999954
J0:19:15:09:602;37891.0;-84427.0;-53621.0;0.0;0.0;89.999954
J0:19:15:10:001;37891.0;-84427.0;-53621.0;0.0;0.0;89.999954
J0:19:15:10:408;37891.0;-84427.0;-53621.0;0.0;0.0;89.999954
J0:19:15:10:801;37891.0;-84427.0;-53621.0;0.0;0.0;89.999954
J0:19:15:11:201;37891.0;-84427.0;-53621.0;0.0;0.0;89.999954
J0:19:15:11:601;37891.0;-84427.0;-53621.0;0.0;0.0;89.999954
J0:19:15:12:000;37891.0;-84427.0;-53621.0;0.0;0.0;89.999954
J0:19:15:12:407;37891.0;-84427.0;-53621.0;0.0;0.0;89.999954
J0:19:15:12:793;37891.0;-84427.0;-53621.0;0.0;0.0;89.999954
J0:19:15:13:193;37891.0;-84427.0;-53621.0;0.0;0.0;89.999954
J0:19:15:13:593;37891.0;-84427.0;-53621.0;0.0;0.0;89.999954
J0:19:15:13:993;37891.0;-84427.0;-53621.0;0.0;0.0;89.999954
J0:19:15:14:032;37891.0;-84427.0;-53621.0;0.0;0.0;89.999954
J0:19:15:14:432;37891.0;-84427.0;-53621.0;0.0;0.0;89.999954
J0:19:15:14:838;37891.0;-84427.0;-53621.0;0.0;0.0;89.999954
J0:19:15:15:225;37891.0;-84427.0;-53621.0;0.0;0.0;89.999954
J0:19:15:15:618;37891.0;-84427.0;-53621.0;0.0;0.0;89.999954
J0:19:15:16:018;37891.0;-84427.0;-53621.0;0.0;0.0;89.999954
J0:19:15:16:404;37891.0;-84427.0;-53621.0;0.0;0.0;89.999954
J0:19:15:16:804;37891.0;-84427.0;-53621.0;0.0;0.0;89.999954
J0:19:15:17:204;37891.0;-84427.0;-53621.0;0.0;0.0;89.999954
J0:19:15:17:604;37891.0;-84427.0;-53621.0;0.0;0.0;89.999954
J0:19:15:17:997;37891.0;-84427.0;-53621.0;0.0;0.0;89.999954
J0:19:15:18:390;37891.0;-84427.0;-53621.0;0.0;0.0;89.999954
J0:19:15:18:790;37891.0;-84427.0;-53621.0;0.0;0.0;89.999954
J0:19:15:19:190;37891.0;-84427.0;-53621.0;0.0;0.0;89.999954
J0:19:15:19:583;37891.0;-84427.0;-53621.0;0.0;0.0;89.999954
J0:19:15:19:983;37891.0;-84427.0;-53621.0;0.0;0.0;89.999954
J0:19:15:20:382;37891.0;-84427.0;-53621.0;0.0;0.0;89.999954
J0:19:15:20:782;37891.0;-84427.0;-53621.0;0.0;0.0;89.999954
J0:19:15:21:182;37891.0;-84427.0;-53621.0;0.0;0.0;89.999954
J0:19:15:21:575;37891.0;-84427.0;-53621.0;0.0;0.0;89.999954
J0:19:15:21:981;37891.0;-84427.0;-53621.0;0.0;0.0;89.999954
J0:19:15:22:375;37891.0;-84427.0;-53621.0;0.0;0.0;89.999954
J0:19:15:22:774;37891.0;-84427.0;-53621.0;0.0;0.0;89.999954
J0:19:15:23:174;37891.0;-84427.0;-53621.0;0.0;0.0;89.999954
J0:19:15:23:567;37891.0;-84427.0;-53621.0;0.0;0.0;89.999954
J0:19:15:23:961;37891.0;-84427.0;-53621.0;0.0;0.0;89.999954
J0:19:15:24:360;37891.0;-84427.0;-53621.0;0.0;0.0;89.999954
J0:19:15:24:760;37891.0;-84427.0;-53621.0;0.0;0.0;89.999954
J0:19:15:25:153;37891.0;-84427.0;-53621.0;0.0;0.0;89.999954
J0:19:15:25:553;37891.0;-84427.0;-53621.0;0.0;0.0;89.999954
J0:19:15:25:946;37891.0;-84427.0;-53621.0;0.0;0.0;89.999954
J0:19:15:26:346;37891.0;-84427.0;-53621.0;0.0;0.0;89.999954
J0:19:15:26:739;37891.0;-84427.0;-53621.0;0.0;0.0;89.999954
J0:19:15:27:139;37891.0;-84427.0;-53621.0;0.0;0.0;89.999954
J0:19:15:27:532;37891.0;-84427.0;-53621.0;0.0;0.0;89.999954
J0:19:15:27:932;37891.0;-84427.0;-53621.0;0.0;0.0;89.999954
J0:19:15:28:338;37891.0;-84427.0;-53621.0;0.0;0.0;89.999954
J0:19:15:28:725;37891.0;-84427.0;-53621.0;0.0;0.0;89.999954
J0:19:15:29:125;37891.0;-84427.0;-53621.0;0.0;0.0;89.999954
J0:19:15:29:518;37891.0;-84427.0;-53621.0;0.0;0.0;89.999954
J0:19:15:29:911;37891.0;-84427.0;-53621.0;0.0;0.0;89.999954
J0:19:15:30:311;37891.0;-84427.0;-53621.0;0.0;0.0;89.999954
J0:19:15:30:711;37891.0;-84427.0;-53621.0;0.0;0.0;89.999954
J0:19:15:31:111;37891.0;-84427.0;-53621.0;0.0;0.0;89.999954
J0:19:15:31:510;37891.0;-84427.0;-53621.0;0.0;0.0;89.999954
J0:19:15:31:904;37891.0;-84427.0;-53621.0;0.0;0.0;89.999954
J0:19:15:32:303;37891.0;-84427.0;-53621.0;0.0;0.0;89.999954
J0:19:15:32:697;37891.0;-84427.0;-53621.0;0.0;0.0;89.999954
J0:19:15:33:096;37891.0;-84427.0;-53621.0;0.0;0.0;89.999954
J0:19:15:33:483;37891.0;-84427.0;-53621.0;0.0;0.0;89.999954
J0:19:15:33:883;37891.0;-84427.0;-53621.0;0.0;0.0;89.999954
J0:19:15:34:283;37891.0;-84427.0;-53621.0;0.0;0.0;89.999954
J0:19:15:34:309;37891.0;-84427.0;-53621.0;0.0;0.0;89.999954
J0:19:15:34:709;37891.0;-84427.0;-53621.0;0.0;0.0;89.999954
J0:19:15:34:748;37891.0;-84427.0;-53621.0;0.0;0.0;89.999954
J0:19:15:35:148;37891.0;-84427.0;-53621.0;0.0;0.0;89.999954
J0:19:15:35:187;37891.0;-84427.0;-53621.0;0.0;0.0;89.999954
J0:19:15:35:587;37891.0;-84427.0;-53621.0;0.0;0.0;89.999954
J0:19:15:35:986;37891.0;-84427.0;-53621.0;0.0;0.0;89.999954
J0:19:15:36:380;37891.0;-84427.0;-53621.0;0.0;0.0;89.999954
J0:19:15:36:779;37891.0;-84427.0;-53621.0;0.0;0.0;89.999954
J0:19:15:37:179;37891.0;-84427.0;-53621.0;0.0;0.0;89.999954
J0:19:15:37:579;37891.0;-84427.0;-53621.0;0.0;0.0;89.999954
J0:19:15:37:979;37891.0;-84427.0;-53621.0;0.0;0.0;89.999954
J0:19:15:38:372;37891.0;-84427.0;-53621.0;0.0;0.0;89.999954
J0:19:15:38:772;37891.0;-84427.0;-53621.0;0.0;0.0;89.999954
J0:19:15:39:172;37891.0;-84427.0;-53621.0;0.0;0.0;89.999954
J0:19:15:39:571;37891.0;-84427.0;-53621.0;0.0;0.0;89.999954
J0:19:15:39:971;37891.0;-84427.0;-53621.0;0.0;0.0;89.999954
J0:19:15:40:364;37891.0;-84427.0;-53621.0;0.0;0.0;89.999954
J0:19:15:40:764;37891.0;-84427.0;-53621.0;0.0;0.0;89.999954
J0:19:15:41:164;37891.0;-84427.0;-53621.0;0.0;0.0;89.999954
J0:19:15:41:570;37891.0;-84427.0;-53621.0;0.0;0.0;89.999954
J0:19:15:41:963;37891.0;-84427.0;-53621.0;0.0;0.0;89.999954
J0:19:15:42:357;37891.0;-84427.0;-53621.0;0.0;0.0;89.999954
J0:19:15:42:756;37891.0;-84427.0;-53621.0;0.0;0.0;89.999954
J0:19:15:43:156;37891.0;-84427.0;-53621.0;0.0;0.0;89.999954
J0:19:15:43:556;37891.0;-84427.0;-53621.0;0.0;0.0;89.999954
J0:19:15:43:956;37891.0;-84427.0;-53621.0;0.0;0.0;89.999954
J0:19:15:44:362;37891.0;-84427.0;-53621.0;0.0;0.0;89.999954
J0:19:15:44:755;37891.0;-84427.0;-53621.0;0.0;0.0;89.999954
J0:19:15:45:155;37891.0;-84427.0;-53621.0;0.0;0.0;89.999954
J0:19:15:45:555;37891.0;-84427.0;-53621.0;0.0;0.0;89.999954
J0:19:15:45:955;37891.0;-84427.0;-53621.0;0.0;0.0;89.999954
J0:19:15:46:354;37891.0;-84427.0;-53621.0;0.0;0.0;89.999954
J0:19:15:46:748;37891.0;-84427.0;-53621.0;0.0;0.0;89.999954
J0:19:15:47:147;37891.0;-84427.0;-53621.0;0.0;0.0;89.999954
J0:19:15:47:547;37891.0;-84427.0;-53621.0;0.0;0.0;89.999954
J0:19:15:47:947;37891.0;-84427.0;-53621.0;0.0;0.0;89.999954
J0:19:15:48:340;37891.0;-84427.0;-53621.0;0.0;0.0;89.999954
J0:19:15:48:740;37891.0;-84427.0;-53621.0;0.0;0.0;89.999954
J0:19:15:49:146;37891.0;-84427.0;-53621.0;0.0;0.0;89.999954
J0:19:15:49:546;37891.0;-84427.0;-53621.0;0.0;0.0;89.999954
J0:19:15:49:946;37891.0;-84427.0;-53621.0;0.0;0.0;89.999954
J0:19:15:50:345;37891.0;-84427.0;-53621.0;0.0;0.0;89.999954
J0:19:15:50:739;37891.0;-84427.0;-53621.0;0.0;0.0;89.999954
J0:19:15:51:145;37891.0;-84427.0;-53621.0;0.0;0.0;89.999954
J0:19:15:51:545;37891.0;-84427.0;-53621.0;0.0;0.0;89.999954
J0:19:15:51:945;37891.0;-84427.0;-53621.0;0.0;0.0;89.999954
J0:19:15:52:344;37891.0;-84427.0;-53621.0;0.0;0.0;89.999954
J0:19:15:52:744;37891.0;-84427.0;-53621.0;0.0;0.0;89.999954
J0:19:15:53:137;37891.0;-84427.0;-53621.0;0.0;0.0;89.999954
J0:19:15:53:537;37891.0;-84427.0;-53621.0;0.0;0.0;89.999954
J0:19:15:53:943;37891.0;-84427.0;-53621.0;0.0;0.0;89.999954
J0:19:15:54:337;37891.0;-84427.0;-53621.0;0.0;0.0;89.999954
J0:19:15:54:736;37891.0;-84427.0;-53621.0;0.0;0.0;89.999954
J0:19:15:55:130;37891.0;-84427.0;-53621.0;0.0;0.0;89.999954
J0:19:15:55:529;37891.0;-84427.0;-53621.0;0.0;0.0;89.999954
J0:19:15:55:936;37891.0;-84427.0;-53621.0;0.0;0.0;89.999954
J0:19:15:56:335;37891.0;-84427.0;-53621.0;0.0;0.0;89.999954
J0:19:15:56:735;37891.0;-84427.0;-53621.0;0.0;0.0;89.999954
J0:19:15:57:135;37891.0;-84427.0;-53621.0;0.0;0.0;89.999954
J0:19:15:57:528;37891.0;-84427.0;-53621.0;0.0;0.0;89.999954
J0:19:15:57:935;37891.0;-84427.0;-53621.0;0.0;0.0;89.999954
J0:19:15:58:334;37891.0;-84427.0;-53621.0;0.0;0.0;89.999954
J0:19:15:58:734;37891.0;-84427.0;-53621.0;0.0;0.0;89.999954
J0:19:15:59:134;37891.0;-84427.0;-53621.0;0.0;0.0;89.999954
J0:19:15:59:534;37891.0;-84427.0;-53621.0;0.0;0.0;89.999954
J0:19:15:59:940;37891.0;-84427.0;-53621.0;0.0;0.0;89.999954
J0:19:16:00:333;37891.0;-84427.0;-53621.0;0.0;0.0;89.999954
J0:19:16:00:733;37891.0;-84427.0;-53621.0;0.0;0.0;89.999954
J0:19:16:01:133;37891.0;-84427.0;-53621.0;0.0;0.0;89.999954
J0:19:16:01:532;37891.0;-84427.0;-53621.0;0.0;0.0;89.999954
J0:19:16:01:932;37891.0;-84427.0;-53621.0;0.0;0.0;89.999954
J0:19:16:02:339;37891.0;-84427.0;-53621.0;0.0;0.0;89.999954
J0:19:16:02:732;37891.0;-84427.0;-53621.0;0.0;0.0;89.999954
J0:19:16:03:132;37891.0;-84427.0;-53621.0;0.0;0.0;89.999954
J0:19:16:03:531;37891.0;-84427.0;-53621.0;0.0;0.0;89.999954
J0:19:16:03:931;37891.0;-84427.0;-53621.0;0.0;0.0;89.999954
J0:19:16:04:337;37891.0;-84427.0;-53621.0;0.0;0.0;89.999954
J0:19:16:04:737;37891.0;-84427.0;-53621.0;0.0;0.0;89.999954
J0:19:16:05:130;37891.0;-84427.0;-53621.0;0.0;0.0;89.999954
J0:19:16:05:530;37891.0;-84427.0;-53621.0;0.0;0.0;89.999954
J0:19:16:05:930;37891.0;-84427.0;-53621.0;0.0;0.0;89.999954
J0:19:16:06:336;37891.0;-84427.0;-53621.0;0.0;0.0;89.999954
J0:19:16:06:736;37891.0;-84427.0;-53621.0;0.0;0.0;89.999954
J0:19:16:07:129;37891.0;-84427.0;-53621.0;0.0;0.0;89.999954
J0:19:16:07:529;37891.0;-84427.0;-53621.0;0.0;0.0;89.999954
J0:19:16:07:929;37891.0;-84427.0;-53621.0;0.0;0.0;89.999954
J0:19:16:08:335;37891.0;-84427.0;-53621.0;0.0;0.0;89.999954
J0:19:16:08:735;37891.0;-84427.0;-53621.0;0.0;0.0;89.999954
J0:19:16:09:135;37891.0;-84427.0;-53621.0;0.0;0.0;89.999954
J0:19:16:09:528;37891.0;-84427.0;-53621.0;0.0;0.0;89.999954
J0:19:16:09:928;37891.0;-84427.0;-53621.0;0.0;0.0;89.999954
J0:19:16:10:334;37891.0;-84427.0;-53621.0;0.0;0.0;89.999954
J0:19:16:10:734;37891.0;-84427.0;-53621.0;0.0;0.0;89.999954
J0:19:16:11:133;37891.0;-84427.0;-53621.0;0.0;0.0;89.999954
J0:19:16:11:533;37891.0;-84427.0;-53621.0;0.0;0.0;89.999954
J0:19:16:11:940;37891.0;-84427.0;-53621.0;0.0;0.0;89.999954
J0:19:16:12:333;37891.0;-84427.0;-53621.0;0.0;0.0;89.999954
J0:19:16:12:733;37891.0;-84427.0;-53621.0;0.0;0.0;89.999954
J0:19:16:13:132;37891.0;-84427.0;-53621.0;0.0;0.0;89.999954
J0:19:16:13:532;37891.0;-84427.0;-53621.0;0.0;0.0;89.999954
J0:19:16:13:938;37891.0;-84427.0;-53621.0;0.0;0.0;89.999954
J0:19:16:14:338;37891.0;-84427.0;-53621.0;0.0;0.0;89.999954
J0:19:16:14:731;37891.0;-84427.0;-53621.0;0.0;0.0;89.999954
J0:19:16:15:131;37891.0;-84427.0;-53621.0;0.0;0.0;89.999954
J0:19:16:15:531;37891.0;-84427.0;-53621.0;0.0;0.0;89.999954
J0:19:16:15:937;37891.0;-84427.0;-53621.0;0.0;0.0;89.999954
J0:19:16:16:337;37891.0;-84427.0;-53621.0;0.0;0.0;89.999954
J0:19:16:16:737;37891.0;-84427.0;-53621.0;0.0;0.0;89.999954
J0:19:16:17:130;37891.0;-84427.0;-53621.0;0.0;0.0;89.999954
J0:19:16:17:530;37891.0;-84427.0;-53621.0;0.0;0.0;89.999954
J0:19:16:17:936;37891.0;-84427.0;-53621.0;0.0;0.0;89.999954
J0:19:16:18:336;37891.0;-84427.0;-53621.0;0.0;0.0;89.999954
J0:19:16:18:736;37891.0;-84427.0;-53621.0;0.0;0.0;89.999954
J0:19:16:19:135;37891.0;-84427.0;-53621.0;0.0;0.0;89.999954
J0:19:16:19:529;37891.0;-84427.0;-53621.0;0.0;0.0;89.999954
J0:19:16:19:935;37891.0;-84427.0;-53621.0;0.0;0.0;89.999954
J0:19:16:20:335;37891.0;-84427.0;-53621.0;0.0;0.0;89.999954
J0:19:16:20:734;37891.0;-84427.0;-53621.0;0.0;0.0;89.999954
J0:19:16:21:134;37891.0;-84427.0;-53621.0;0.0;0.0;89.999954
J0:19:16:21:534;37891.0;-84427.0;-53621.0;0.0;0.0;89.999954
J0:19:16:21:934;37891.0;-84427.0;-53621.0;0.0;0.0;89.999954
J0:19:16:22:334;37891.0;-84427.0;-53621.0;0.0;0.0;89.999954
J0:19:16:22:733;37891.0;-84427.0;-53621.0;0.0;0.0;89.999954
J0:19:16:23:133;37891.0;-84427.0;-53621.0;0.0;0.0;89.999954
J0:19:16:23:533;37891.0;-84427.0;-53621.0;0.0;0.0;89.999954
J0:19:16:23:939;37891.0;-84427.0;-53621.0;0.0;0.0;89.999954
J0:19:16:24:332;37891.0;-84427.0;-53621.0;0.0;0.0;89.999954
J0:19:16:24:732;37891.0;-84427.0;-53621.0;0.0;0.0;89.999954
J0:19:16:25:132;37891.0;-84427.0;-53621.0;0.0;0.0;89.999954
J0:19:16:25:532;37891.0;-84427.0;-53621.0;0.0;0.0;89.999954
J0:19:16:25:938;37891.0;-84427.0;-53621.0;0.0;0.0;89.999954
J0:19:16:26:338;37891.0;-84427.0;-53621.0;0.0;0.0;89.999954
J0:19:16:26:731;37891.0;-84427.0;-53621.0;0.0;0.0;89.999954
J0:19:16:27:131;37891.0;-84427.0;-53621.0;0.0;0.0;89.999954
J0:19:16:27:531;37891.0;-84427.0;-53621.0;0.0;0.0;89.999954
J0:19:16:27:937;37891.0;-84427.0;-53621.0;0.0;0.0;89.999954
J0:19:16:28:337;37891.0;-84427.0;-53621.0;0.0;0.0;89.999954
J0:19:16:28:736;37891.0;-84427.0;-53621.0;0.0;0.0;89.999954
J0:19:16:29:130;37891.0;-84427.0;-53621.0;0.0;0.0;89.999954
J0:19:16:29:529;37891.0;-84427.0;-53621.0;0.0;0.0;89.999954
J0:19:16:29:936;37891.0;-84427.0;-53621.0;0.0;0.0;89.999954
J0:19:16:30:336;37891.0;-84427.0;-53621.0;0.0;0.0;89.999954
J0:19:16:30:735;37891.0;-84427.0;-53621.0;0.0;0.0;89.999954
J0:19:16:31:135;37891.0;-84427.0;-53621.0;0.0;0.0;89.999954
J0:19:16:31:528;37891.0;-84427.0;-53621.0;0.0;0.0;89.999954
J0:19:16:31:935;37891.0;-84427.0;-53621.0;0.0;0.0;89.999954
J0:19:16:32:334;37891.0;-84427.0;-53621.0;0.0;0.0;89.999954
J0:19:16:32:734;37891.0;-84427.0;-53621.0;0.0;0.0;89.999954
J0:19:16:33:134;37891.0;-84427.0;-53621.0;0.0;0.0;89.999954
J0:19:16:33:534;37891.0;-84427.0;-53621.0;0.0;0.0;89.999954
J0:19:16:33:940;37891.0;-84427.0;-53621.0;0.0;0.0;89.999954
J0:19:16:34:333;37891.0;-84427.0;-53621.0;0.0;0.0;89.999954
J0:19:16:34:733;37891.0;-84427.0;-53621.0;0.0;0.0;89.999954
J0:19:16:35:133;37891.0;-84427.0;-53621.0;0.0;0.0;89.999954
J0:19:16:35:533;37891.0;-84427.0;-53621.0;0.0;0.0;89.999954
J0:19:16:35:939;37891.0;-84427.0;-53621.0;0.0;0.0;89.999954
J0:19:16:36:339;37891.0;-84427.0;-53621.0;0.0;0.0;89.999954
J0:19:16:36:732;37891.0;-84427.0;-53621.0;0.0;0.0;89.999954
J0:19:16:37:132;37891.0;-84427.0;-53621.0;0.0;0.0;89.999954
J0:19:16:37:531;37891.0;-84427.0;-53621.0;0.0;0.0;89.999954
J0:19:16:37:938;37891.0;-84427.0;-53621.0;0.0;0.0;89.999954
J0:19:16:38:337;37891.0;-84427.0;-53621.0;0.0;0.0;89.999954
J0:19:16:38:731;37891.0;-84427.0;-53621.0;0.0;0.0;89.999954
J0:19:16:39:130;37891.0;-84427.0;-53621.0;0.0;0.0;89.999954
J0:19:16:39:530;37891.0;-84427.0;-53621.0;0.0;0.0;89.999954
J0:19:16:39:937;37891.0;-84427.0;-53621.0;0.0;0.0;89.999954
J0:19:16:40:336;37891.0;-84427.0;-53621.0;0.0;0.0;89.999954
J0:19:16:40:736;37891.0;-84427.0;-53621.0;0.0;0.0;89.999954
J0:19:16:41:129;37891.0;-84427.0;-53621.0;0.0;0.0;89.999954
J0:19:16:41:529;37891.0;-84427.0;-53621.0;0.0;0.0;89.999954
J0:19:16:41:935;37891.0;-84427.0;-53621.0;0.0;0.0;89.999954
J0:19:16:42:335;37891.0;-84427.0;-53621.0;0.0;0.0;89.999954
J0:19:16:42:735;37891.0;-84427.0;-53621.0;0.0;0.0;89.999954
J0:19:16:43:135;37891.0;-84427.0;-53621.0;0.0;0.0;89.999954
J0:19:16:43:528;37891.0;-84427.0;-53621.0;0.0;0.0;89.999954
J0:19:16:43:934;37891.0;-84427.0;-53621.0;0.0;0.0;89.999954
J0:19:16:44:334;37891.0;-84427.0;-53621.0;0.0;0.0;89.999954
J0:19:16:44:734;37891.0;-84427.0;-53621.0;0.0;0.0;89.999954
J0:19:16:45:134;37891.0;-84427.0;-53621.0;0.0;0.0;89.999954
J0:19:16:45:533;37891.0;-84427.0;-53621.0;0.0;0.0;89.999954
J0:19:16:45:940;37891.0;-84427.0;-53621.0;0.0;0.0;89.999954
J0:19:16:46:333;37891.0;-84427.0;-53621.0;0.0;0.0;89.999954
J0:19:16:46:733;37891.0;-84427.0;-53621.0;0.0;0.0;89.999954
J0:19:16:47:132;37891.0;-84427.0;-53621.0;0.0;0.0;89.999954
J0:19:16:47:532;37891.0;-84427.0;-53621.0;0.0;0.0;89.999954
J0:19:16:47:938;37891.0;-84427.0;-53621.0;0.0;0.0;89.999954
J0:19:16:48:338;37891.0;-84427.0;-53621.0;0.0;0.0;89.999954
J0:19:16:48:731;37891.0;-84427.0;-53621.0;0.0;0.0;89.999954
J0:19:16:49:131;37891.0;-84427.0;-53621.0;0.0;0.0;89.999954
J0:19:16:49:531;37891.0;-84427.0;-53621.0;0.0;0.0;89.999954
J0:19:16:49:937;37891.0;-84427.0;-53621.0;0.0;0.0;89.999954
J0:19:16:50:337;37891.0;-84427.0;-53621.0;0.0;0.0;89.999954
J0:19:16:50:737;37891.0;-84427.0;-53621.0;0.0;0.0;89.999954
J0:19:16:51:130;37891.0;-84427.0;-53621.0;0.0;0.0;89.999954
J0:19:16:51:530;37891.0;-84427.0;-53621.0;0.0;0.0;89.999954
J0:19:16:51:936;37891.0;-84427.0;-53621.0;0.0;0.0;89.999954
J0:19:16:52:336;37891.0;-84427.0;-53621.0;0.0;0.0;89.999954
J0:19:16:52:736;37891.0;-84427.0;-53621.0;0.0;0.0;89.999954
J0:19:16:53:135;37891.0;-84427.0;-53621.0;0.0;0.0;89.999954
J0:19:16:53:529;37891.0;-84427.0;-53621.0;0.0;0.0;89.999954
J0:19:16:53:935;37891.0;-84427.0;-53621.0;0.0;0.0;89.999954
J0:19:16:54:335;37891.0;-84427.0;-53621.0;0.0;0.0;89.999954
J0:19:16:54:735;37891.0;-84427.0;-53621.0;0.0;0.0;89.999954
J0:19:16:55:134;37891.0;-84427.0;-53621.0;0.0;0.0;89.999954
J0:19:16:55:528;37891.0;-84427.0;-53621.0;0.0;0.0;89.999954
J0:19:16:55:934;37891.0;-84427.0;-53621.0;0.0;0.0;89.999954
J0:19:16:56:334;37891.0;-84427.0;-53621.0;0.0;0.0;89.999954
J0:19:16:56:733;37891.0;-84427.0;-53621.0;0.0;0.0;89.999954
J0:19:16:57:133;37891.0;-84427.0;-53621.0;0.0;0.0;89.999954
J0:19:16:57:533;37891.0;-84427.0;-53621.0;0.0;0.0;89.999954
J0:19:16:57:939;37891.0;-84427.0;-53621.0;0.0;0.0;89.999954
J0:19:16:58:332;37891.0;-84427.0;-53621.0;0.0;0.0;89.999954
J0:19:16:58:732;37891.0;-84427.0;-53621.0;0.0;0.0;89.999954
J0:19:16:59:132;37891.0;-84427.0;-53621.0;0.0;0.0;89.999954
J0:19:16:59:532;37891.0;-84427.0;-53621.0;0.0;0.0;89.999954
J0:19:16:59:938;37891.0;-84427.0;-53621.0;0.0;0.0;89.999954
J0:19:17:00:338;37891.0;-84427.0;-53621.0;0.0;0.0;89.999954
J0:19:17:00:731;37891.0;-84427.0;-53621.0;0.0;0.0;89.999954
J0:19:17:01:131;37891.0;-84427.0;-53621.0;0.0;0.0;89.999954
J0:19:17:01:531;37891.0;-84427.0;-53621.0;0.0;0.0;89.999954
J0:19:17:01:937;37891.0;-84427.0;-53621.0;0.0;0.0;89.999954
J0:19:17:02:337;37891.0;-84427.0;-53621.0;0.0;0.0;89.999954
J0:19:17:02:736;37891.0;-84427.0;-53621.0;0.0;0.0;89.999954
J0:19:17:03:130;37891.0;-84427.0;-53621.0;0.0;0.0;89.999954
J0:19:17:03:529;37891.0;-84427.0;-53621.0;0.0;0.0;89.999954
J0:19:17:03:936;37891.0;-84427.0;-53621.0;0.0;0.0;89.999954
J0:19:17:04:336;37891.0;-84427.0;-53621.0;0.0;0.0;89.999954
J0:19:17:04:735;37891.0;-84427.0;-53621.0;0.0;0.0;89.999954
J0:19:17:05:135;37891.0;-84427.0;-53621.0;0.0;0.0;89.999954
J0:19:17:05:528;37891.0;-84427.0;-53621.0;0.0;0.0;89.999954
J0:19:17:05:935;37891.0;-84427.0;-53621.0;0.0;0.0;89.999954
J0:19:17:06:334;37891.0;-84427.0;-53621.0;0.0;0.0;89.999954
J0:19:17:06:734;37891.0;-84427.0;-53621.0;0.0;0.0;89.999954
J0:19:17:07:134;37891.0;-84427.0;-53621.0;0.0;0.0;89.999954
J0:19:17:07:534;37891.0;-84427.0;-53621.0;0.0;0.0;89.999954
J0:19:17:07:940;37891.0;-84427.0;-53621.0;0.0;0.0;89.999954
J0:19:17:08:333;37891.0;-84427.0;-53621.0;0.0;0.0;89.999954
J0:19:17:08:733;37891.0;-84427.0;-53621.0;0.0;0.0;89.999954
J0:19:17:09:133;37891.0;-84427.0;-53621.0;0.0;0.0;89.999954
J0:19:17:09:533;37891.0;-84427.0;-53621.0;0.0;0.0;89.999954
J0:19:17:09:939;37891.0;-84427.0;-53621.0;0.0;0.0;89.999954
J0:19:17:10:339;37891.0;-84427.0;-53621.0;0.0;0.0;89.999954
J0:19:17:10:732;37891.0;-84427.0;-53621.0;0.0;0.0;89.999954
J0:19:17:11:132;37891.0;-84427.0;-53621.0;0.0;0.0;89.999954
J0:19:17:11:531;37891.0;-84427.0;-53621.0;0.0;0.0;89.999954
J0:19:17:11:938;37891.0;-84427.0;-53621.0;0.0;0.0;89.999954
J0:19:17:12:338;37891.0;-84427.0;-53621.0;0.0;0.0;89.999954
J0:19:17:12:731;37891.0;-84427.0;-53621.0;0.0;0.0;89.999954
J0:19:17:13:131;37891.0;-84427.0;-53621.0;0.0;0.0;89.999954
J0:19:17:13:530;37891.0;-84427.0;-53621.0;0.0;0.0;89.999954
J0:19:17:13:937;37891.0;-84427.0;-53621.0;0.0;0.0;89.999954
J0:19:17:14:336;37891.0;-84427.0;-53621.0;0.0;0.0;89.999954
J0:19:17:14:736;37891.0;-84427.0;-53621.0;0.0;0.0;89.999954
J0:19:17:15:129;37891.0;-84427.0;-53621.0;0.0;0.0;89.999954
J0:19:17:15:529;37891.0;-84427.0;-53621.0;0.0;0.0;89.999954
J0:19:17:15:935;37891.0;-84427.0;-53621.0;0.0;0.0;89.999954
J0:19:17:16:335;37891.0;-84427.0;-53621.0;0.0;0.0;89.999954
J0:19:17:16:735;37891.0;-84427.0;-53621.0;0.0;0.0;89.999954
J0:19:17:17:135;37891.0;-84427.0;-53621.0;0.0;0.0;89.999954
J0:19:17:17:528;37891.0;-84427.0;-53621.0;0.0;0.0;89.999954
J0:19:17:17:934;37891.0;-84427.0;-53621.0;0.0;0.0;89.999954
J0:19:17:18:334;37891.0;-84427.0;-53621.0;0.0;0.0;89.999954
J0:19:17:18:734;37891.0;-84427.0;-53621.0;0.0;0.0;89.999954
J0:19:17:19:134;37891.0;-84427.0;-53621.0;0.0;0.0;89.999954
J0:19:17:19:533;37891.0;-84427.0;-53621.0;0.0;0.0;89.999954
J0:19:17:19:940;37891.0;-84427.0;-53621.0;0.0;0.0;89.999954
J0:19:17:20:333;37891.0;-84427.0;-53621.0;0.0;0.0;89.999954
J0:19:17:20:733;37891.0;-84427.0;-53621.0;0.0;0.0;89.999954
J0:19:17:21:132;37891.0;-84427.0;-53621.0;0.0;0.0;89.999954
J0:19:17:21:532;37891.0;-84427.0;-53621.0;0.0;0.0;89.999954
J0:19:17:21:939;37891.0;-84427.0;-53621.0;0.0;0.0;89.999954
J0:19:17:22:338;37891.0;-84427.0;-53621.0;0.0;0.0;89.999954
J0:19:17:22:732;37891.0;-84427.0;-53621.0;0.0;0.0;89.999954
J0:19:17:23:131;37891.0;-84427.0;-53621.0;0.0;0.0;89.999954
J0:19:17:23:531;37891.0;-84427.0;-53621.0;0.0;0.0;89.999954
J0:19:17:23:931;37891.0;-84427.0;-53621.0;0.0;0.0;89.999954
J0:19:17:24:337;37891.0;-84427.0;-53621.0;0.0;0.0;89.999954
J0:19:17:24:737;37891.0;-84427.0;-53621.0;0.0;0.0;89.999954
J0:19:17:25:130;37891.0;-84427.0;-53621.0;0.0;0.0;89.999954
J0:19:17:25:530;37891.0;-84427.0;-53621.0;0.0;0.0;89.999954
J0:19:17:25:930;37891.0;-84427.0;-53621.0;0.0;0.0;89.999954
J0:19:17:26:336;37891.0;-84427.0;-53621.0;0.0;0.0;89.999954
J0:19:17:26:736;37891.0;-84427.0;-53621.0;0.0;0.0;89.999954
J0:19:17:27:136;37891.0;-84427.0;-53621.0;0.0;0.0;89.999954
J0:19:17:27:529;37891.0;-84427.0;-53621.0;0.0;0.0;89.999954
J0:19:17:27:929;37891.0;-84427.0;-53621.0;0.0;0.0;89.999954
J0:19:17:28:335;37891.0;-84427.0;-53621.0;0.0;0.0;89.999954
J0:19:17:28:735;37891.0;-84427.0;-53621.0;0.0;0.0;89.999954
J0:19:17:29:134;37891.0;-84427.0;-53621.0;0.0;0.0;89.999954
J0:19:17:29:528;37891.0;-84427.0;-53621.0;0.0;0.0;89.999954
J0:19:17:29:927;37891.0;-84427.0;-53621.0;0.0;0.0;89.999954
J0:19:17:30:334;37891.0;-84427.0;-53621.0;0.0;0.0;89.999954
J0:19:17:30:733;37891.0;-84427.0;-53621.0;0.0;0.0;89.999954
J0:19:17:31:133;37891.0;-84427.0;-53621.0;0.0;0.0;89.999954
J0:19:17:31:533;37891.0;-84427.0;-53621.0;0.0;0.0;89.999954
J0:19:17:31:926;37891.0;-84427.0;-53621.0;0.0;0.0;89.999954
J0:19:17:32:333;37891.0;-84427.0;-53621.0;0.0;0.0;89.999954
J0:19:17:32:732;37891.0;-84427.0;-53621.0;0.0;0.0;89.999954
J0:19:17:33:132;37891.0;-84427.0;-53621.0;0.0;0.0;89.999954
J0:19:17:33:532;37891.0;-84427.0;-53621.0;0.0;0.0;89.999954
J0:19:17:33:932;37891.0;-84427.0;-53621.0;0.0;0.0;89.999954
J0:19:17:34:338;37891.0;-84427.0;-53621.0;0.0;0.0;89.999954
J0:19:17:34:731;37891.0;-84427.0;-53621.0;0.0;0.0;89.999954
J0:19:17:35:131;37891.0;-84427.0;-53621.0;0.0;0.0;89.999954
J0:19:17:35:531;37891.0;-84427.0;-53621.0;0.0;0.0;89.999954
J0:19:17:35:930;37891.0;-84427.0;-53621.0;0.0;0.0;89.999954
J0:19:17:36:337;37891.0;-84427.0;-53621.0;0.0;0.0;89.999954
J0:19:17:36:737;37891.0;-84427.0;-53621.0;0.0;0.0;89.999954
J0:19:17:37:130;37891.0;-84427.0;-53621.0;0.0;0.0;89.999954
J0:19:17:37:530;37891.0;-84427.0;-53621.0;0.0;0.0;89.999954
J0:19:17:37:929;37891.0;-84427.0;-53621.0;0.0;0.0;89.999954
J0:19:17:38:336;37891.0;-84427.0;-53621.0;0.0;0.0;89.999954
J0:19:17:38:735;37891.0;-84427.0;-53621.0;0.0;0.0;89.999954
J0:19:17:39:135;37891.0;-84427.0;-53621.0;0.0;0.0;89.999954
J0:19:17:39:528;37891.0;-84427.0;-53621.0;0.0;0.0;89.999954
J0:19:17:39:928;37891.0;-84427.0;-53621.0;0.0;0.0;89.999954
J0:19:17:40:335;37891.0;-84427.0;-53621.0;0.0;0.0;89.999954
J0:19:17:40:734;37891.0;-84427.0;-53621.0;0.0;0.0;89.999954
J0:19:17:41:134;37891.0;-84427.0;-53621.0;0.0;0.0;89.999954
J0:19:17:41:534;37891.0;-84427.0;-53621.0;0.0;0.0;89.999954
J0:19:17:41:927;37891.0;-84427.0;-53621.0;0.0;0.0;89.999954
J0:19:17:42:333;37891.0;-84427.0;-53621.0;0.0;0.0;89.999954
J0:19:17:42:733;37891.0;-84427.0;-53621.0;0.0;0.0;89.999954
J0:19:17:43:133;37891.0;-84427.0;-53621.0;0.0;0.0;89.999954
J0:19:17:43:533;37891.0;-84427.0;-53621.0;0.0;0.0;89.999954
J0:19:17:43:932;37891.0;-84427.0;-53621.0;0.0;0.0;89.999954
J0:19:17:44:332;37891.0;-84427.0;-53621.0;0.0;0.0;89.999954
J0:19:17:44:732;37891.0;-84427.0;-53621.0;0.0;0.0;89.999954
J0:19:17:45:132;37891.0;-84427.0;-53621.0;0.0;0.0;89.999954
J0:19:17:45:532;37891.0;-84427.0;-53621.0;0.0;0.0;89.999954
J0:19:17:45:931;37891.0;-84427.0;-53621.0;0.0;0.0;89.999954
J0:19:17:46:338;37891.0;-84427.0;-53621.0;0.0;0.0;89.999954
J0:19:17:46:731;37891.0;-84427.0;-53621.0;0.0;0.0;89.999954
J0:19:17:47:131;37891.0;-84427.0;-53621.0;0.0;0.0;89.999954
J0:19:17:47:530;37891.0;-84427.0;-53621.0;0.0;0.0;89.999954
J0:19:17:47:930;37891.0;-84427.0;-53621.0;0.0;0.0;89.999954
J0:19:17:48:336;37891.0;-84427.0;-53621.0;0.0;0.0;89.999954
J0:19:17:48:736;37891.0;-84427.0;-53621.0;0.0;0.0;89.999954
J0:19:17:49:129;37891.0;-84427.0;-53621.0;0.0;0.0;89.999954
J0:19:17:49:529;37891.0;-84427.0;-53621.0;0.0;0.0;89.999954
J0:19:17:49:929;37891.0;-84427.0;-53621.0;0.0;0.0;89.999954
J0:19:17:50:335;37891.0;-84427.0;-53621.0;0.0;0.0;89.999954
J0:19:17:50:735;37891.0;-84427.0;-53621.0;0.0;0.0;89.999954
J0:19:17:51:135;37891.0;-84427.0;-53621.0;0.0;0.0;89.999954
J0:19:17:51:528;37891.0;-84427.0;-53621.0;0.0;0.0;89.999954
J0:19:17:51:928;37891.0;-84427.0;-53621.0;0.0;0.0;89.999954
J0:19:17:52:334;37891.0;-84427.0;-53621.0;0.0;0.0;89.999954
J0:19:17:52:734;37891.0;-84427.0;-53621.0;0.0;0.0;89.999954
J0:19:17:53:134;37891.0;-84427.0;-53621.0;0.0;0.0;89.999954
J0:19:17:53:533;37891.0;-84427.0;-53621.0;0.0;0.0;89.999954
J0:19:17:53:927;37891.0;-84427.0;-53621.0;0.0;0.0;89.999954
J0:19:17:54:333;37891.0;-84427.0;-53621.0;0.0;0.0;89.999954
J0:19:17:54:733;37891.0;-84427.0;-53621.0;0.0;0.0;89.999954
J0:19:17:55:133;37891.0;-84427.0;-53621.0;0.0;0.0;89.999954
J0:19:17:55:532;37891.0;-84427.0;-53621.0;0.0;0.0;89.999954
J0:19:17:55:932;37891.0;-84427.0;-53621.0;0.0;0.0;89.999954
J0:19:17:56:338;37891.0;-84427.0;-53621.0;0.0;0.0;89.999954
J0:19:17:56:732;37891.0;-84427.0;-53621.0;0.0;0.0;89.999954
J0:19:17:57:131;37891.0;-84427.0;-53621.0;0.0;0.0;89.999954
J0:19:17:57:531;37891.0;-84427.0;-53621.0;0.0;0.0;89.999954
J0:19:17:57:931;37891.0;-84427.0;-53621.0;0.0;0.0;89.999954
J0:19:17:58:337;37891.0;-84427.0;-53621.0;0.0;0.0;89.999954
J0:19:17:58:737;37891.0;-84427.0;-53621.0;0.0;0.0;89.999954
J0:19:17:59:130;37891.0;-84427.0;-53621.0;0.0;0.0;89.999954
J0:19:17:59:530;37891.0;-84427.0;-53621.0;0.0;0.0;89.999954
J0:19:17:59:930;37891.0;-84427.0;-53621.0;0.0;0.0;89.999954
J0:19:18:00:336;37891.0;-84427.0;-53621.0;0.0;0.0;89.999954
J0:19:18:00:736;37891.0;-84427.0;-53621.0;0.0;0.0;89.999954
J0:19:18:01:129;37891.0;-84427.0;-53621.0;0.0;0.0;89.999954
J0:19:18:01:529;37891.0;-84427.0;-53621.0;0.0;0.0;89.999954
J0:19:18:01:929;37891.0;-84427.0;-53621.0;0.0;0.0;89.999954
J0:19:18:02:335;37891.0;-84427.0;-53621.0;0.0;0.0;89.999954
J0:19:18:02:735;37891.0;-84427.0;-53621.0;0.0;0.0;89.999954
J0:19:18:03:134;37891.0;-84427.0;-53621.0;0.0;0.0;89.999954
J0:19:18:03:528;37891.0;-84427.0;-53621.0;0.0;0.0;89.999954
J0:19:18:03:927;37891.0;-84427.0;-53621.0;0.0;0.0;89.999954
J0:19:18:04:334;37891.0;-84427.0;-53621.0;0.0;0.0;89.999954
J0:19:18:04:734;37891.0;-84427.0;-53621.0;0.0;0.0;89.999954
J0:19:18:05:133;37891.0;-84427.0;-53621.0;0.0;0.0;89.999954
J0:19:18:05:533;37891.0;-84427.0;-53621.0;0.0;0.0;89.999954
J0:19:18:05:926;37891.0;-84427.0;-53621.0;0.0;0.0;89.999954
J0:19:18:06:333;37891.0;-84427.0;-53621.0;0.0;0.0;89.999954
J0:19:18:06:732;37891.0;-84427.0;-53621.0;0.0;0.0;89.999954
J0:19:18:07:132;37891.0;-84427.0;-53621.0;0.0;0.0;89.999954
J0:19:18:07:532;37891.0;-84427.0;-53621.0;0.0;0.0;89.999954
J0:19:18:07:932;37891.0;-84427.0;-53621.0;0.0;0.0;89.999954
J0:19:18:08:338;37891.0;-84427.0;-53621.0;0.0;0.0;89.999954
J0:19:18:08:731;37891.0;-84427.0;-53621.0;0.0;0.0;89.999954
J0:19:18:09:131;37891.0;-84427.0;-53621.0;0.0;0.0;89.999954
J0:19:18:09:531;37891.0;-84427.0;-53621.0;0.0;0.0;89.999954
J0:19:18:09:931;37891.0;-84427.0;-53621.0;0.0;0.0;89.999954
J0:19:18:10:337;37891.0;-84427.0;-53621.0;0.0;0.0;89.999954
J0:19:18:10:737;37891.0;-84427.0;-53621.0;0.0;0.0;89.999954
J0:19:18:11:130;37891.0;-84427.0;-53621.0;0.0;0.0;89.999954
J0:19:18:11:530;37891.0;-84427.0;-53621.0;0.0;0.0;89.999954
J0:19:18:11:929;37891.0;-84427.0;-53621.0;0.0;0.0;89.999954
J0:19:18:12:336;37891.0;-84427.0;-53621.0;0.0;0.0;89.999954
J0:19:18:12:736;37891.0;-84427.0;-53621.0;0.0;0.0;89.999954
J0:19:18:13:135;37891.0;-84427.0;-53621.0;0.0;0.0;89.999954
J0:19:18:13:528;37891.0;-84427.0;-53621.0;0.0;0.0;89.999954
J0:19:18:13:928;37891.0;-84427.0;-53621.0;0.0;0.0;89.999954
J0:19:18:14:335;37891.0;-84427.0;-53621.0;0.0;0.0;89.999954
J0:19:18:14:734;37891.0;-84427.0;-53621.0;0.0;0.0;89.999954
J0:19:18:15:134;37891.0;-84427.0;-53621.0;0.0;0.0;89.999954
J0:19:18:15:534;37891.0;-84427.0;-53621.0;0.0;0.0;89.999954
J0:19:18:15:927;37891.0;-84427.0;-53621.0;0.0;0.0;89.999954
J0:19:18:16:333;37891.0;-84427.0;-53621.0;0.0;0.0;89.999954
J0:19:18:16:733;37891.0;-84427.0;-53621.0;0.0;0.0;89.999954
J0:19:18:17:133;37891.0;-84427.0;-53621.0;0.0;0.0;89.999954
J0:19:18:17:533;37891.0;-84427.0;-53621.0;0.0;0.0;89.999954
J0:19:18:17:926;37891.0;-84427.0;-53621.0;0.0;0.0;89.999954
J0:19:18:18:332;37891.0;-84427.0;-53621.0;0.0;0.0;89.999954
J0:19:18:18:732;37891.0;-84427.0;-53621.0;0.0;0.0;89.999954
J0:19:18:19:132;37891.0;-84427.0;-53621.0;0.0;0.0;89.999954
J0:19:18:19:532;37891.0;-84427.0;-53621.0;0.0;0.0;89.999954
J0:19:18:19:931;37891.0;-84427.0;-53621.0;0.0;0.0;89.999954
J0:19:18:20:338;37891.0;-84427.0;-53621.0;0.0;0.0;89.999954
J0:19:18:20:731;37891.0;-84427.0;-53621.0;0.0;0.0;89.999954
J0:19:18:21:131;37891.0;-84427.0;-53621.0;0.0;0.0;89.999954
J0:19:18:21:530;37891.0;-84427.0;-53621.0;0.0;0.0;89.999954
J0:19:18:21:930;37891.0;-84427.0;-53621.0;0.0;0.0;89.999954
J0:19:18:22:337;37891.0;-84427.0;-53621.0;0.0;0.0;89.999954
J0:19:18:22:736;37891.0;-84427.0;-53621.0;0.0;0.0;89.999954
J0:19:18:23:130;37891.0;-84427.0;-53621.0;0.0;0.0;89.999954
J0:19:18:23:529;37891.0;-84427.0;-53621.0;0.0;0.0;89.999954
J0:19:18:23:929;37891.0;-84427.0;-53621.0;0.0;0.0;89.999954
J0:19:18:24:335;37891.0;-84427.0;-53621.0;0.0;0.0;89.999954
J0:19:18:24:735;37891.0;-84427.0;-53621.0;0.0;0.0;89.999954
J0:19:18:25:135;37891.0;-84427.0;-53621.0;0.0;0.0;89.999954
J0:19:18:25:528;37891.0;-84427.0;-53621.0;0.0;0.0;89.999954
J0:19:18:25:928;37891.0;-84427.0;-53621.0;0.0;0.0;89.999954
J0:19:18:26:334;37891.0;-84427.0;-53621.0;0.0;0.0;89.999954
J0:19:18:26:734;37891.0;-84427.0;-53621.0;0.0;0.0;89.999954
J0:19:18:27:134;37891.0;-84427.0;-53621.0;0.0;0.0;89.999954
J0:19:18:27:534;37891.0;-84427.0;-53621.0;0.0;0.0;89.999954
J0:19:18:27:927;37891.0;-84427.0;-53621.0;0.0;0.0;89.999954
J0:19:18:28:333;37891.0;-84427.0;-53621.0;0.0;0.0;89.999954
J0:19:18:28:733;37891.0;-84427.0;-53621.0;0.0;0.0;89.999954
J0:19:18:29:133;37891.0;-84427.0;-53621.0;0.0;0.0;89.999954
J0:19:18:29:532;37891.0;-84427.0;-53621.0;0.0;0.0;89.999954
J0:19:18:29:932;37891.0;-84427.0;-53621.0;0.0;0.0;89.999954
J0:19:18:30:338;37891.0;-84427.0;-53621.0;0.0;0.0;89.999954
J0:19:18:30:732;37891.0;-84427.0;-53621.0;0.0;0.0;89.999954
J0:19:18:31:131;37891.0;-84427.0;-53621.0;0.0;0.0;89.999954
J0:19:18:31:531;37891.0;-84427.0;-53621.0;0.0;0.0;89.999954
J0:19:18:31:931;37891.0;-84427.0;-53621.0;0.0;0.0;89.999954
J0:19:18:32:337;37891.0;-84427.0;-53621.0;0.0;0.0;89.999954
J0:19:18:32:737;37891.0;-84427.0;-53621.0;0.0;0.0;89.999954
J0:19:18:33:130;37891.0;-84427.0;-53621.0;0.0;0.0;89.999954
J0:19:18:33:530;37891.0;-84427.0;-53621.0;0.0;0.0;89.999954
J0:19:18:33:930;37891.0;-84427.0;-53621.0;0.0;0.0;89.999954
J0:19:18:34:336;37891.0;-84427.0;-53621.0;0.0;0.0;89.999954
J0:19:18:34:736;37891.0;-84427.0;-53621.0;0.0;0.0;89.999954
J0:19:18:35:129;37891.0;-84427.0;-53621.0;0.0;0.0;89.999954
J0:19:18:35:529;37891.0;-84427.0;-53621.0;0.0;0.0;89.999954
J0:19:18:35:929;37891.0;-84427.0;-53621.0;0.0;0.0;89.999954
J0:19:18:36:335;37891.0;-84427.0;-53621.0;0.0;0.0;89.999954
J0:19:18:36:735;37891.0;-84427.0;-53621.0;0.0;0.0;89.999954
J0:19:18:37:135;37891.0;-84427.0;-53621.0;0.0;0.0;89.999954
J0:19:18:37:528;37891.0;-84427.0;-53621.0;0.0;0.0;89.999954
J0:19:18:37:928;37891.0;-84427.0;-53621.0;0.0;0.0;89.999954
J0:19:18:38:334;37891.0;-84427.0;-53621.0;0.0;0.0;89.999954
J0:19:18:38:734;37891.0;-84427.0;-53621.0;0.0;0.0;89.999954
J0:19:18:39:133;37891.0;-84427.0;-53621.0;0.0;0.0;89.999954
J0:19:18:39:533;37891.0;-84427.0;-53621.0;0.0;0.0;89.999954
J0:19:18:39:926;37891.0;-84427.0;-53621.0;0.0;0.0;89.999954
J0:19:18:40:333;37891.0;-84427.0;-53621.0;0.0;0.0;89.999954
J0:19:18:40:732;37891.0;-84427.0;-53621.0;0.0;0.0;89.999954
J0:19:18:41:132;37891.0;-84427.0;-53621.0;0.0;0.0;89.999954
J0:19:18:41:532;37891.0;-84427.0;-53621.0;0.0;0.0;89.999954
J0:19:18:41:932;37891.0;-84427.0;-53621.0;0.0;0.0;89.999954
J0:19:18:42:338;37891.0;-84427.0;-53621.0;0.0;0.0;89.999954
J0:19:18:42:731;37891.0;-84427.0;-53621.0;0.0;0.0;89.999954
J0:19:18:43:131;37891.0;-84427.0;-53621.0;0.0;0.0;89.999954
J0:19:18:43:531;37891.0;-84427.0;-53621.0;0.0;0.0;89.999954
J0:19:18:43:931;37891.0;-84427.0;-53621.0;0.0;0.0;89.999954
J0:19:18:44:337;37891.0;-84427.0;-53621.0;0.0;0.0;89.999954
J0:19:18:44:737;37891.0;-84427.0;-53621.0;0.0;0.0;89.999954
J0:19:18:45:130;37891.0;-84427.0;-53621.0;0.0;0.0;89.999954
J0:19:18:45:530;37891.0;-84427.0;-53621.0;0.0;0.0;89.999954
J0:19:18:45:929;37891.0;-84427.0;-53621.0;0.0;0.0;89.999954
J0:19:18:46:336;37891.0;-84427.0;-53621.0;0.0;0.0;89.999954
J0:19:18:46:736;37891.0;-84427.0;-53621.0;0.0;0.0;89.999954
J0:19:18:47:135;37891.0;-84427.0;-53621.0;0.0;0.0;89.999954
J0:19:18:47:529;37891.0;-84427.0;-53621.0;0.0;0.0;89.999954
J0:19:18:47:928;37891.0;-84427.0;-53621.0;0.0;0.0;89.999954
J0:19:18:48:335;37891.0;-84427.0;-53621.0;0.0;0.0;89.999954
J0:19:18:48:734;37891.0;-84427.0;-53621.0;0.0;0.0;89.999954
J0:19:18:49:134;37891.0;-84427.0;-53621.0;0.0;0.0;89.999954
J0:19:18:49:534;37891.0;-84427.0;-53621.0;0.0;0.0;89.999954
J0:19:18:49:927;37891.0;-84427.0;-53621.0;0.0;0.0;89.999954
J0:19:18:50:334;37891.0;-84427.0;-53621.0;0.0;0.0;89.999954
J0:19:18:50:733;37891.0;-84427.0;-53621.0;0.0;0.0;89.999954
J0:19:18:51:133;37891.0;-84427.0;-53621.0;0.0;0.0;89.999954
J0:19:18:51:533;37891.0;-84427.0;-53621.0;0.0;0.0;89.999954
J0:19:18:51:926;37891.0;-84427.0;-53621.0;0.0;0.0;89.999954
J0:19:18:52:332;37891.0;-84427.0;-53621.0;0.0;0.0;89.999954
J0:19:18:52:732;37891.0;-84427.0;-53621.0;0.0;0.0;89.999954
J0:19:18:53:132;37891.0;-84427.0;-53621.0;0.0;0.0;89.999954
J0:19:18:53:532;37891.0;-84427.0;-53621.0;0.0;0.0;89.999954
J0:19:18:53:931;37891.0;-84427.0;-53621.0;0.0;0.0;89.999954
J0:19:18:54:338;37891.0;-84427.0;-53621.0;0.0;0.0;89.999954
J0:19:18:54:731;37891.0;-84427.0;-53621.0;0.0;0.0;89.999954
J0:19:18:55:131;37891.0;-84427.0;-53621.0;0.0;0.0;89.999954
J0:19:18:55:531;37891.0;-84427.0;-53621.0;0.0;0.0;89.999954
J0:19:18:55:930;37891.0;-84427.0;-53621.0;0.0;0.0;89.999954
J0:19:18:56:337;37891.0;-84427.0;-53621.0;0.0;0.0;89.999954
J0:19:18:56:736;37891.0;-84427.0;-53621.0;0.0;0.0;89.999954
J0:19:18:57:130;37891.0;-84427.0;-53621.0;0.0;0.0;89.999954
J0:19:18:57:529;37891.0;-84427.0;-53621.0;0.0;0.0;89.999954
J0:19:18:57:929;37891.0;-84427.0;-53621.0;0.0;0.0;89.999954
J0:19:18:58:335;37891.0;-84427.0;-53621.0;0.0;0.0;89.999954
J0:19:18:58:735;37891.0;-84427.0;-53621.0;0.0;0.0;89.999954
J0:19:18:59:135;37891.0;-84427.0;-53621.0;0.0;0.0;89.999954
J0:19:18:59:528;37891.0;-84427.0;-53621.0;0.0;0.0;89.999954
J0:19:18:59:928;37891.0;-84427.0;-53621.0;0.0;0.0;89.999954
J0:19:19:00:334;37891.0;-84427.0;-53621.0;0.0;0.0;89.999954
J0:19:19:00:734;37891.0;-84427.0;-53621.0;0.0;0.0;89.999954
J0:19:19:01:134;37891.0;-84427.0;-53621.0;0.0;0.0;89.999954
J0:19:19:01:534;37891.0;-84427.0;-53621.0;0.0;0.0;89.999954
J0:19:19:01:927;37891.0;-84427.0;-53621.0;0.0;0.0;89.999954
J0:19:19:02:333;37891.0;-84427.0;-53621.0;0.0;0.0;89.999954
J0:19:19:02:733;37891.0;-84427.0;-53621.0;0.0;0.0;89.999954
J0:19:19:03:133;37891.0;-84427.0;-53621.0;0.0;0.0;89.999954
J0:19:19:03:532;37891.0;-84427.0;-53621.0;0.0;0.0;89.999954
J0:19:19:03:932;37891.0;-84427.0;-53621.0;0.0;0.0;89.999954
J0:19:19:04:325;37891.0;-84427.0;-53621.0;0.0;0.0;89.999954
J0:19:19:04:732;37891.0;-84427.0;-53621.0;0.0;0.0;89.999954
J0:19:19:05:132;37891.0;-84427.0;-53621.0;0.0;0.0;89.999954
J0:19:19:05:531;37891.0;-84427.0;-53621.0;0.0;0.0;89.999954
J0:19:19:05:931;37891.0;-84427.0;-53621.0;0.0;0.0;89.999954
J0:19:19:06:331;37891.0;-84427.0;-53621.0;0.0;0.0;89.999954
J0:19:19:06:731;37891.0;-84427.0;-53621.0;0.0;0.0;89.999954
J0:19:19:07:130;37891.0;-84427.0;-53621.0;0.0;0.0;89.999954
J0:19:19:07:530;37891.0;-84427.0;-53621.0;0.0;0.0;89.999954
J0:19:19:07:930;37891.0;-84427.0;-53621.0;0.0;0.0;89.999954
J0:19:19:08:330;37891.0;-84427.0;-53621.0;0.0;0.0;89.999954
J0:19:19:08:736;37891.0;-84427.0;-53621.0;0.0;0.0;89.999954
J0:19:19:09:129;37891.0;-84427.0;-53621.0;0.0;0.0;89.999954
J0:19:19:09:529;37891.0;-84427.0;-53621.0;0.0;0.0;89.999954
J0:19:19:09:929;37891.0;-84427.0;-53621.0;0.0;0.0;89.999954
J0:19:19:10:329;37891.0;-84427.0;-53621.0;0.0;0.0;89.999954
J0:19:19:10:735;37891.0;-84427.0;-53621.0;0.0;0.0;89.999954
J0:19:19:11:135;37891.0;-84427.0;-53621.0;0.0;0.0;89.999954
J0:19:19:11:528;37891.0;-84427.0;-53621.0;0.0;0.0;89.999954
J0:19:19:11:928;37891.0;-84427.0;-53621.0;0.0;0.0;89.999954
J0:19:19:12:327;37891.0;-84427.0;-53621.0;0.0;0.0;89.999954
J0:19:19:12:734;37891.0;-84427.0;-53621.0;0.0;0.0;89.999954
J0:19:19:13:133;37891.0;-84427.0;-53621.0;0.0;0.0;89.999954
J0:19:19:13:533;37891.0;-84427.0;-53621.0;0.0;0.0;89.999954
J0:19:19:13:926;37891.0;-84427.0;-53621.0;0.0;0.0;89.999954
J0:19:19:14:326;37891.0;-84427.0;-53621.0;0.0;0.0;89.999954
J0:19:19:14:733;37891.0;-84427.0;-53621.0;0.0;0.0;89.999954
J0:19:19:15:132;37891.0;-84427.0;-53621.0;0.0;0.0;89.999954
J0:19:19:15:532;37891.0;-84427.0;-53621.0;0.0;0.0;89.999954
J0:19:19:15:932;37891.0;-84427.0;-53621.0;0.0;0.0;89.999954
J0:19:19:16:325;37891.0;-84427.0;-53621.0;0.0;0.0;89.999954
J0:19:19:16:731;37891.0;-84427.0;-53621.0;0.0;0.0;89.999954
J0:19:19:17:131;37891.0;-84427.0;-53621.0;0.0;0.0;89.999954
J0:19:19:17:531;37891.0;-84427.0;-53621.0;0.0;0.0;89.999954
J0:19:19:17:931;37891.0;-84427.0;-53621.0;0.0;0.0;89.999954
J0:19:19:18:330;37891.0;-84427.0;-53621.0;0.0;0.0;89.999954
J0:19:19:18:737;37891.0;-84427.0;-53621.0;0.0;0.0;89.999954
J0:19:19:19:130;37891.0;-84427.0;-53621.0;0.0;0.0;89.999954
J0:19:19:19:530;37891.0;-84427.0;-53621.0;0.0;0.0;89.999954
J0:19:19:19:930;37891.0;-84427.0;-53621.0;0.0;0.0;89.999954
J0:19:19:20:329;37891.0;-84427.0;-53621.0;0.0;0.0;89.999954
J0:19:19:20:736;37891.0;-84427.0;-53621.0;0.0;0.0;89.999954
J0:19:19:21:135;37891.0;-84427.0;-53621.0;0.0;0.0;89.999954
J0:19:19:21:529;37891.0;-84427.0;-53621.0;0.0;0.0;89.999954
J0:19:19:21:928;37891.0;-84427.0;-53621.0;0.0;0.0;89.999954
J0:19:19:22:328;37891.0;-84427.0;-53621.0;0.0;0.0;89.999954
J0:19:19:22:735;37891.0;-84427.0;-53621.0;0.0;0.0;89.999954
J0:19:19:23:134;37891.0;-84427.0;-53621.0;0.0;0.0;89.999954
J0:19:19:23:527;37891.0;-84427.0;-53621.0;0.0;0.0;89.999954
J0:19:19:23:927;37891.0;-84427.0;-53621.0;0.0;0.0;89.999954
J0:19:19:24:327;37891.0;-84427.0;-53621.0;0.0;0.0;89.999954
J0:19:19:24:733;37891.0;-84427.0;-53621.0;0.0;0.0;89.999954
J0:19:19:25:133;37891.0;-84427.0;-53621.0;0.0;0.0;89.999954
J0:19:19:25:533;37891.0;-84427.0;-53621.0;0.0;0.0;89.999954
J0:19:19:25:926;37891.0;-84427.0;-53621.0;0.0;0.0;89.999954
J0:19:19:26:326;37891.0;-84427.0;-53621.0;0.0;0.0;89.999954
J0:19:19:26:732;37891.0;-84427.0;-53621.0;0.0;0.0;89.999954
J0:19:19:27:132;37891.0;-84427.0;-53621.0;0.0;0.0;89.999954
J0:19:19:27:532;37891.0;-84427.0;-53621.0;0.0;0.0;89.999954
J0:19:19:27:932;37891.0;-84427.0;-53621.0;0.0;0.0;89.999954
J0:19:19:28:325;37891.0;-84427.0;-53621.0;0.0;0.0;89.999954
J0:19:19:28:731;37891.0;-84427.0;-53621.0;0.0;0.0;89.999954
J0:19:19:29:131;37891.0;-84427.0;-53621.0;0.0;0.0;89.999954
J0:19:19:29:531;37891.0;-84427.0;-53621.0;0.0;0.0;89.999954
J0:19:19:29:930;37891.0;-84427.0;-53621.0;0.0;0.0;89.999954
J0:19:19:30:330;37891.0;-84427.0;-53621.0;0.0;0.0;89.999954
J0:19:19:30:736;37891.0;-84427.0;-53621.0;0.0;0.0;89.999954
J0:19:19:31:130;37891.0;-84427.0;-53621.0;0.0;0.0;89.999954
J0:19:19:31:529;37891.0;-84427.0;-53621.0;0.0;0.0;89.999954
J0:19:19:31:929;37891.0;-84427.0;-53621.0;0.0;0.0;89.999954
J0:19:19:32:329;37891.0;-84427.0;-53621.0;0.0;0.0;89.999954
J0:19:19:32:735;37891.0;-84427.0;-53621.0;0.0;0.0;89.999954
J0:19:19:33:135;37891.0;-84427.0;-53621.0;0.0;0.0;89.999954
J0:19:19:33:528;37891.0;-84427.0;-53621.0;0.0;0.0;89.999954
J0:19:19:33:928;37891.0;-84427.0;-53621.0;0.0;0.0;89.999954
J0:19:19:34:328;37891.0;-84427.0;-53621.0;0.0;0.0;89.999954
J0:19:19:34:734;37891.0;-84427.0;-53621.0;0.0;0.0;89.999954
J0:19:19:35:134;37891.0;-84427.0;-53621.0;0.0;0.0;89.999954
J0:19:19:35:534;37891.0;-84427.0;-53621.0;0.0;0.0;89.999954
J0:19:19:35:927;37891.0;-84427.0;-53621.0;0.0;0.0;89.999954
J0:19:19:36:327;37891.0;-84427.0;-53621.0;0.0;0.0;89.999954
J0:19:19:36:733;37891.0;-84427.0;-53621.0;0.0;0.0;89.999954
J0:19:19:37:133;37891.0;-84427.0;-53621.0;0.0;0.0;89.999954
J0:19:19:37:533;37891.0;-84427.0;-53621.0;0.0;0.0;89.999954
J0:19:19:37:932;37891.0;-84427.0;-53621.0;0.0;0.0;89.999954
J0:19:19:38:326;37891.0;-84427.0;-53621.0;0.0;0.0;89.999954
J0:19:19:38:732;37891.0;-84427.0;-53621.0;0.0;0.0;89.999954
J0:19:19:39:132;37891.0;-84427.0;-53621.0;0.0;0.0;89.999954
J0:19:19:39:531;37891.0;-84427.0;-53621.0;0.0;0.0;89.999954
J0:19:19:39:931;37891.0;-84427.0;-53621.0;0.0;0.0;89.999954
J0:19:19:40:324;37891.0;-84427.0;-53621.0;0.0;0.0;89.999954
J0:19:19:40:731;37891.0;-84427.0;-53621.0;0.0;0.0;89.999954
J0:19:19:41:130;37891.0;-84427.0;-53621.0;0.0;0.0;89.999954
J0:19:19:41:530;37891.0;-84427.0;-53621.0;0.0;0.0;89.999954
J0:19:19:41:930;37891.0;-84427.0;-53621.0;0.0;0.0;89.999954
J0:19:19:42:330;37891.0;-84427.0;-53621.0;0.0;0.0;89.999954
J0:19:19:42:736;37891.0;-84427.0;-53621.0;0.0;0.0;89.999954
J0:19:19:43:129;37891.0;-84427.0;-53621.0;0.0;0.0;89.999954
J0:19:19:43:529;37891.0;-84427.0;-53621.0;0.0;0.0;89.999954
J0:19:19:43:929;37891.0;-84427.0;-53621.0;0.0;0.0;89.999954
J0:19:19:44:329;37891.0;-84427.0;-53621.0;0.0;0.0;89.999954
J0:19:19:44:735;37891.0;-84427.0;-53621.0;0.0;0.0;89.999954
J0:19:19:45:135;37891.0;-84427.0;-53621.0;0.0;0.0;89.999954
J0:19:19:45:528;37891.0;-84427.0;-53621.0;0.0;0.0;89.999954
J0:19:19:45:928;37891.0;-84427.0;-53621.0;0.0;0.0;89.999954
J0:19:19:46:327;37891.0;-84427.0;-53621.0;0.0;0.0;89.999954
J0:19:19:46:734;37891.0;-84427.0;-53621.0;0.0;0.0;89.999954
J0:19:19:47:134;37891.0;-84427.0;-53621.0;0.0;0.0;89.999954
J0:19:19:47:533;37891.0;-84427.0;-53621.0;0.0;0.0;89.999954
J0:19:19:47:927;37891.0;-84427.0;-53621.0;0.0;0.0;89.999954
J0:19:19:48:326;37891.0;-84427.0;-53621.0;0.0;0.0;89.999954
J0:19:19:48:733;37891.0;-84427.0;-53621.0;0.0;0.0;89.999954
J0:19:19:49:132;37891.0;-84427.0;-53621.0;0.0;0.0;89.999954
J0:19:19:49:532;37891.0;-84427.0;-53621.0;0.0;0.0;89.999954
J0:19:19:49:932;37891.0;-84427.0;-53621.0;0.0;0.0;89.999954
J0:19:19:50:325;37891.0;-84427.0;-53621.0;0.0;0.0;89.999954
J0:19:19:50:731;37891.0;-84427.0;-53621.0;0.0;0.0;89.999954
J0:19:19:51:131;37891.0;-84427.0;-53621.0;0.0;0.0;89.999954
J0:19:19:51:531;37891.0;-84427.0;-53621.0;0.0;0.0;89.999954
J0:19:19:51:931;37891.0;-84427.0;-53621.0;0.0;0.0;89.999954
J0:19:19:52:331;37891.0;-84427.0;-53621.0;0.0;0.0;89.999954
J0:19:19:52:737;37891.0;-84427.0;-53621.0;0.0;0.0;89.999954
J0:19:19:53:130;37891.0;-84427.0;-53621.0;0.0;0.0;89.999954
J0:19:19:53:530;37891.0;-84427.0;-53621.0;0.0;0.0;89.999954
J0:19:19:53:930;37891.0;-84427.0;-53621.0;0.0;0.0;89.999954
J0:19:19:54:329;37891.0;-84427.0;-53621.0;0.0;0.0;89.999954
J0:19:19:54:736;37891.0;-84427.0;-53621.0;0.0;0.0;89.999954
J0:19:19:55:136;37891.0;-84427.0;-53621.0;0.0;0.0;89.999954
J0:19:19:55:529;37891.0;-84427.0;-53621.0;0.0;0.0;89.999954
J0:19:19:55:928;37891.0;-84427.0;-53621.0;0.0;0.0;89.999954
J0:19:19:56:328;37891.0;-84427.0;-53621.0;0.0;0.0;89.999954
J0:19:19:56:735;37891.0;-84427.0;-53621.0;0.0;0.0;89.999954
J0:19:19:57:134;37891.0;-84427.0;-53621.0;0.0;0.0;89.999954
J0:19:19:57:528;37891.0;-84427.0;-53621.0;0.0;0.0;89.999954
J0:19:19:57:927;37891.0;-84427.0;-53621.0;0.0;0.0;89.999954
J0:19:19:58:327;37891.0;-84427.0;-53621.0;0.0;0.0;89.999954
J0:19:19:58:733;37891.0;-84427.0;-53621.0;0.0;0.0;89.999954
J0:19:19:59:133;37891.0;-84427.0;-53621.0;0.0;0.0;89.999954
J0:19:19:59:533;37891.0;-84427.0;-53621.0;0.0;0.0;89.999954
J0:19:19:59:926;37891.0;-84427.0;-53621.0;0.0;0.0;89.999954
J0:19:20:00:326;37891.0;-84427.0;-53621.0;0.0;0.0;89.999954
J0:19:20:00:732;37891.0;-84427.0;-53621.0;0.0;0.0;89.999954
J0:19:20:01:132;37891.0;-84427.0;-53621.0;0.0;0.0;89.999954
J0:19:20:01:532;37891.0;-84427.0;-53621.0;0.0;0.0;89.999954
J0:19:20:01:932;37891.0;-84427.0;-53621.0;0.0;0.0;89.999954
J0:19:20:02:325;37891.0;-84427.0;-53621.0;0.0;0.0;89.999954
J0:19:20:02:731;37891.0;-84427.0;-53621.0;0.0;0.0;89.999954
J0:19:20:03:131;37891.0;-84427.0;-53621.0;0.0;0.0;89.999954
J0:19:20:03:531;37891.0;-84427.0;-53621.0;0.0;0.0;89.999954
J0:19:20:03:930;37891.0;-84427.0;-53621.0;0.0;0.0;89.999954
J0:19:20:04:330;37891.0;-84427.0;-53621.0;0.0;0.0;89.999954
J0:19:20:04:737;37891.0;-84427.0;-53621.0;0.0;0.0;89.999954
J0:19:20:05:130;37891.0;-84427.0;-53621.0;0.0;0.0;89.999954
J0:19:20:05:530;37891.0;-84427.0;-53621.0;0.0;0.0;89.999954
J0:19:20:05:929;37891.0;-84427.0;-53621.0;0.0;0.0;89.999954
J0:19:20:06:329;37891.0;-84427.0;-53621.0;0.0;0.0;89.999954
J0:19:20:06:735;37891.0;-84427.0;-53621.0;0.0;0.0;89.999954
J0:19:20:07:135;37891.0;-84427.0;-53621.0;0.0;0.0;89.999954
J0:19:20:07:528;37891.0;-84427.0;-53621.0;0.0;0.0;89.999954
J0:19:20:07:928;37891.0;-84427.0;-53621.0;0.0;0.0;89.999954
J0:19:20:08:328;37891.0;-84427.0;-53621.0;0.0;0.0;89.999954
J0:19:20:08:734;37891.0;-84427.0;-53621.0;0.0;0.0;89.999954
J0:19:20:09:134;37891.0;-84427.0;-53621.0;0.0;0.0;89.999954
J0:19:20:09:534;37891.0;-84427.0;-53621.0;0.0;0.0;89.999954
J0:19:20:09:927;37891.0;-84427.0;-53621.0;0.0;0.0;89.999954
J0:19:20:10:327;37891.0;-84427.0;-53621.0;0.0;0.0;89.999954
J0:19:20:10:733;37891.0;-84427.0;-53621.0;0.0;0.0;89.999954
J0:19:20:11:133;37891.0;-84427.0;-53621.0;0.0;0.0;89.999954
J0:19:20:11:533;37891.0;-84427.0;-53621.0;0.0;0.0;89.999954
J0:19:20:11:932;37891.0;-84427.0;-53621.0;0.0;0.0;89.999954
J0:19:20:12:326;37891.0;-84427.0;-53621.0;0.0;0.0;89.999954
J0:19:20:12:732;37891.0;-84427.0;-53621.0;0.0;0.0;89.999954
J0:19:20:13:132;37891.0;-84427.0;-53621.0;0.0;0.0;89.999954
J0:19:20:13:531;37891.0;-84427.0;-53621.0;0.0;0.0;89.999954
J0:19:20:13:931;37891.0;-84427.0;-53621.0;0.0;0.0;89.999954
J0:19:20:14:324;37891.0;-84427.0;-53621.0;0.0;0.0;89.999954
J0:19:20:14:731;37891.0;-84427.0;-53621.0;0.0;0.0;89.999954
J0:19:20:15:131;37891.0;-84427.0;-53621.0;0.0;0.0;89.999954
J0:19:20:15:530;37891.0;-84427.0;-53621.0;0.0;0.0;89.999954
J0:19:20:15:930;37891.0;-84427.0;-53621.0;0.0;0.0;89.999954
J0:19:20:16:330;37891.0;-84427.0;-53621.0;0.0;0.0;89.999954
J0:19:20:16:736;37891.0;-84427.0;-53621.0;0.0;0.0;89.999954
J0:19:20:17:129;37891.0;-84427.0;-53621.0;0.0;0.0;89.999954
J0:19:20:17:529;37891.0;-84427.0;-53621.0;0.0;0.0;89.999954
J0:19:20:17:929;37891.0;-84427.0;-53621.0;0.0;0.0;89.999954
J0:19:20:18:329;37891.0;-84427.0;-53621.0;0.0;0.0;89.999954
J0:19:20:18:735;37891.0;-84427.0;-53621.0;0.0;0.0;89.999954
J0:19:20:19:135;37891.0;-84427.0;-53621.0;0.0;0.0;89.999954
J0:19:20:19:528;37891.0;-84427.0;-53621.0;0.0;0.0;89.999954
J0:19:20:19:928;37891.0;-84427.0;-53621.0;0.0;0.0;89.999954
J0:19:20:20:328;37891.0;-84427.0;-53621.0;0.0;0.0;89.999954
J0:19:20:20:734;37891.0;-84427.0;-53621.0;0.0;0.0;89.999954
J0:19:20:21:134;37891.0;-84427.0;-53621.0;0.0;0.0;89.999954
J0:19:20:21:533;37891.0;-84427.0;-53621.0;0.0;0.0;89.999954
J0:19:20:21:927;37891.0;-84427.0;-53621.0;0.0;0.0;89.999954
J0:19:20:22:326;37891.0;-84427.0;-53621.0;0.0;0.0;89.999954
J0:19:20:22:733;37891.0;-84427.0;-53621.0;0.0;0.0;89.999954
J0:19:20:23:132;37891.0;-84427.0;-53621.0;0.0;0.0;89.999954
J0:19:20:23:532;37891.0;-84427.0;-53621.0;0.0;0.0;89.999954
J0:19:20:23:932;37891.0;-84427.0;-53621.0;0.0;0.0;89.999954
J0:19:20:24:325;37891.0;-84427.0;-53621.0;0.0;0.0;89.999954
J0:19:20:24:732;37891.0;-84427.0;-53621.0;0.0;0.0;89.999954
J0:19:20:25:131;37891.0;-84427.0;-53621.0;0.0;0.0;89.999954
J0:19:20:25:531;37891.0;-84427.0;-53621.0;0.0;0.0;89.999954
J0:19:20:25:931;37891.0;-84427.0;-53621.0;0.0;0.0;89.999954
J0:19:20:26:331;37891.0;-84427.0;-53621.0;0.0;0.0;89.999954
J0:19:20:26:737;37891.0;-84427.0;-53621.0;0.0;0.0;89.999954
J0:19:20:27:130;37891.0;-84427.0;-53621.0;0.0;0.0;89.999954
J0:19:20:27:530;37891.0;-84427.0;-53621.0;0.0;0.0;89.999954
J0:19:20:27:930;37891.0;-84427.0;-53621.0;0.0;0.0;89.999954
J0:19:20:28:329;37891.0;-84427.0;-53621.0;0.0;0.0;89.999954
J0:19:20:28:736;37891.0;-84427.0;-53621.0;0.0;0.0;89.999954
J0:19:20:29:136;37891.0;-84427.0;-53621.0;0.0;0.0;89.999954
J0:19:20:29:529;37891.0;-84427.0;-53621.0;0.0;0.0;89.999954
J0:19:20:29:929;37891.0;-84427.0;-53621.0;0.0;0.0;89.999954
J0:19:20:30:328;37891.0;-84427.0;-53621.0;0.0;0.0;89.999954
J0:19:20:30:735;37891.0;-84427.0;-53621.0;0.0;0.0;89.999954
J0:19:20:31:134;37891.0;-84427.0;-53621.0;0.0;0.0;89.999954
J0:19:20:31:528;37891.0;-84427.0;-53621.0;0.0;0.0;89.999954
J0:19:20:31:927;37891.0;-84427.0;-53621.0;0.0;0.0;89.999954
J0:19:20:32:327;37891.0;-84427.0;-53621.0;0.0;0.0;89.999954
J0:19:20:32:734;37891.0;-84427.0;-53621.0;0.0;0.0;89.999954
J0:19:20:33:133;37891.0;-84427.0;-53621.0;0.0;0.0;89.999954
J0:19:20:33:533;37891.0;-84427.0;-53621.0;0.0;0.0;89.999954
J0:19:20:33:926;37891.0;-84427.0;-53621.0;0.0;0.0;89.999954
J0:19:20:34:326;37891.0;-84427.0;-53621.0;0.0;0.0;89.999954
J0:19:20:34:732;37891.0;-84427.0;-53621.0;0.0;0.0;89.999954
J0:19:20:35:132;37891.0;-84427.0;-53621.0;0.0;0.0;89.999954
J0:19:20:35:532;37891.0;-84427.0;-53621.0;0.0;0.0;89.999954
J0:19:20:35:932;37891.0;-84427.0;-53621.0;0.0;0.0;89.999954
J0:19:20:36:325;37891.0;-84427.0;-53621.0;0.0;0.0;89.999954
J0:19:20:36:731;37891.0;-84427.0;-53621.0;0.0;0.0;89.999954
J0:19:20:37:131;37891.0;-84427.0;-53621.0;0.0;0.0;89.999954
J0:19:20:37:531;37891.0;-84427.0;-53621.0;0.0;0.0;89.999954
J0:19:20:37:931;37891.0;-84427.0;-53621.0;0.0;0.0;89.999954
J0:19:20:38:330;37891.0;-84427.0;-53621.0;0.0;0.0;89.999954
J0:19:20:38:737;37891.0;-84427.0;-53621.0;0.0;0.0;89.999954
J0:19:20:39:130;37891.0;-84427.0;-53621.0;0.0;0.0;89.999954
J0:19:20:39:530;37891.0;-84427.0;-53621.0;0.0;0.0;89.999954
J0:19:20:39:929;37891.0;-84427.0;-53621.0;0.0;0.0;89.999954
J0:19:20:40:329;37891.0;-84427.0;-53621.0;0.0;0.0;89.999954
J0:19:20:40:735;37891.0;-84427.0;-53621.0;0.0;0.0;89.999954
J0:19:20:41:135;37891.0;-84427.0;-53621.0;0.0;0.0;89.999954
J0:19:20:41:528;37891.0;-84427.0;-53621.0;0.0;0.0;89.999954
J0:19:20:41:928;37891.0;-84427.0;-53621.0;0.0;0.0;89.999954
J0:19:20:42:328;37891.0;-84427.0;-53621.0;0.0;0.0;89.999954
J0:19:20:42:734;37891.0;-84427.0;-53621.0;0.0;0.0;89.999954
J0:19:20:43:134;37891.0;-84427.0;-53621.0;0.0;0.0;89.999954
J0:19:20:43:534;37891.0;-84427.0;-53621.0;0.0;0.0;89.999954
J0:19:20:43:927;37891.0;-84427.0;-53621.0;0.0;0.0;89.999954
J0:19:20:44:327;37891.0;-84427.0;-53621.0;0.0;0.0;89.999954
J0:19:20:44:733;37891.0;-84427.0;-53621.0;0.0;0.0;89.999954
J0:19:20:45:133;37891.0;-84427.0;-53621.0;0.0;0.0;89.999954
J0:19:20:45:533;37891.0;-84427.0;-53621.0;0.0;0.0;89.999954
J0:19:20:45:932;37891.0;-84427.0;-53621.0;0.0;0.0;89.999954
J0:19:20:46:326;37891.0;-84427.0;-53621.0;0.0;0.0;89.999954
J0:19:20:46:732;37891.0;-84427.0;-53621.0;0.0;0.0;89.999954
J0:19:20:47:132;37891.0;-84427.0;-53621.0;0.0;0.0;89.999954
J0:19:20:47:532;37891.0;-84427.0;-53621.0;0.0;0.0;89.999954
J0:19:20:47:931;37891.0;-84427.0;-53621.0;0.0;0.0;89.999954
J0:19:20:48:325;37891.0;-84427.0;-53621.0;0.0;0.0;89.999954
J0:19:20:48:724;37891.0;-84427.0;-53621.0;0.0;0.0;89.999954
J0:19:20:49:131;37891.0;-84427.0;-53621.0;0.0;0.0;89.999954
J0:19:20:49:530;37891.0;-84427.0;-53621.0;0.0;0.0;89.999954
J0:19:20:49:930;37891.0;-84427.0;-53621.0;0.0;0.0;89.999954
J0:19:20:50:330;37891.0;-84427.0;-53621.0;0.0;0.0;89.999954
J0:19:20:50:723;37891.0;-84427.0;-53621.0;0.0;0.0;89.999954
J0:19:20:51:129;37891.0;-84427.0;-53621.0;0.0;0.0;89.999954
J0:19:20:51:529;37891.0;-84427.0;-53621.0;0.0;0.0;89.999954
J0:19:20:51:929;37891.0;-84427.0;-53621.0;0.0;0.0;89.999954
J0:19:20:52:329;37891.0;-84427.0;-53621.0;0.0;0.0;89.999954
J0:19:20:52:729;37891.0;-84427.0;-53621.0;0.0;0.0;89.999954
J0:19:20:53:135;37891.0;-84427.0;-53621.0;0.0;0.0;89.999954
J0:19:20:53:528;37891.0;-84427.0;-53621.0;0.0;0.0;89.999954
J0:19:20:53:928;37891.0;-84427.0;-53621.0;0.0;0.0;89.999954
J0:19:20:54:328;37891.0;-84427.0;-53621.0;0.0;0.0;89.999954
J0:19:20:54:727;37891.0;-84427.0;-53621.0;0.0;0.0;89.999954
J0:19:20:55:134;37891.0;-84427.0;-53621.0;0.0;0.0;89.999954
J0:19:20:55:533;37891.0;-84427.0;-53621.0;0.0;0.0;89.999954
J0:19:20:55:927;37891.0;-84427.0;-53621.0;0.0;0.0;89.999954
J0:19:20:56:326;37891.0;-84427.0;-53621.0;0.0;0.0;89.999954
J0:19:20:56:726;37891.0;-84427.0;-53621.0;0.0;0.0;89.999954
J0:19:20:57:133;37891.0;-84427.0;-53621.0;0.0;0.0;89.999954
J0:19:20:57:532;37891.0;-84427.0;-53621.0;0.0;0.0;89.999954
J0:19:20:57:932;37891.0;-84427.0;-53621.0;0.0;0.0;89.999954
J0:19:20:58:325;37891.0;-84427.0;-53621.0;0.0;0.0;89.999954
J0:19:20:58:725;37891.0;-84427.0;-53621.0;0.0;0.0;89.999954
J0:19:20:59:131;37891.0;-84427.0;-53621.0;0.0;0.0;89.999954
J0:19:20:59:531;37891.0;-84427.0;-53621.0;0.0;0.0;89.999954
J0:19:20:59:931;37891.0;-84427.0;-53621.0;0.0;0.0;89.999954
J0:19:21:00:331;37891.0;-84427.0;-53621.0;0.0;0.0;89.999954
J0:19:21:00:724;37891.0;-84427.0;-53621.0;0.0;0.0;89.999954
J0:19:21:01:130;37891.0;-84427.0;-53621.0;0.0;0.0;89.999954
J0:19:21:01:530;37891.0;-84427.0;-53621.0;0.0;0.0;89.999954
J0:19:21:01:930;37891.0;-84427.0;-53621.0;0.0;0.0;89.999954
J0:19:21:02:330;37891.0;-84427.0;-53621.0;0.0;0.0;89.999954
J0:19:21:02:729;37891.0;-84427.0;-53621.0;0.0;0.0;89.999954
J0:19:21:03:129;37891.0;-84427.0;-53621.0;0.0;0.0;89.999954
J0:19:21:03:529;37891.0;-84427.0;-53621.0;0.0;0.0;89.999954
J0:19:21:03:929;37891.0;-84427.0;-53621.0;0.0;0.0;89.999954
J0:19:21:04:328;37891.0;-84427.0;-53621.0;0.0;0.0;89.999954
J0:19:21:04:728;37891.0;-84427.0;-53621.0;0.0;0.0;89.999954
J0:19:21:05:135;37891.0;-84427.0;-53621.0;0.0;0.0;89.999954
J0:19:21:05:528;37891.0;-84427.0;-53621.0;0.0;0.0;89.999954
J0:19:21:05:927;37891.0;-84427.0;-53621.0;0.0;0.0;89.999954
J0:19:21:06:327;37891.0;-84427.0;-53621.0;0.0;0.0;89.999954
J0:19:21:06:727;37891.0;-84427.0;-53621.0;0.0;0.0;89.999954
J0:19:21:07:133;37891.0;-84427.0;-53621.0;0.0;0.0;89.999954
J0:19:21:07:533;37891.0;-84427.0;-53621.0;0.0;0.0;89.999954
J0:19:21:07:926;37891.0;-84427.0;-53621.0;0.0;0.0;89.999954
J0:19:21:08:326;37891.0;-84427.0;-53621.0;0.0;0.0;89.999954
J0:19:21:08:726;37891.0;-84427.0;-53621.0;0.0;0.0;89.999954
J0:19:21:09:132;37891.0;-84427.0;-53621.0;0.0;0.0;89.999954
J0:19:21:09:532;37891.0;-84427.0;-53621.0;0.0;0.0;89.999954
J0:19:21:09:932;37891.0;-84427.0;-53621.0;0.0;0.0;89.999954
J0:19:21:10:325;37891.0;-84427.0;-53621.0;0.0;0.0;89.999954
J0:19:21:10:725;37891.0;-84427.0;-53621.0;0.0;0.0;89.999954
J0:19:21:11:131;37891.0;-84427.0;-53621.0;0.0;0.0;89.999954
J0:19:21:11:531;37891.0;-84427.0;-53621.0;0.0;0.0;89.999954
J0:19:21:11:931;37891.0;-84427.0;-53621.0;0.0;0.0;89.999954
J0:19:21:12:330;37891.0;-84427.0;-53621.0;0.0;0.0;89.999954
J0:19:21:12:724;37891.0;-84427.0;-53621.0;0.0;0.0;89.999954
J0:19:21:13:130;37891.0;-84427.0;-53621.0;0.0;0.0;89.999954
J0:19:21:13:530;37891.0;-84427.0;-53621.0;0.0;0.0;89.999954
J0:19:21:13:929;37891.0;-84427.0;-53621.0;0.0;0.0;89.999954
J0:19:21:14:329;37891.0;-84427.0;-53621.0;0.0;0.0;89.999954
J0:19:21:14:729;37891.0;-84427.0;-53621.0;0.0;0.0;89.999954
J0:19:21:15:135;37891.0;-84427.0;-53621.0;0.0;0.0;89.999954
J0:19:21:15:529;37891.0;-84427.0;-53621.0;0.0;0.0;89.999954
J0:19:21:15:928;37891.0;-84427.0;-53621.0;0.0;0.0;89.999954
J0:19:21:16:328;37891.0;-84427.0;-53621.0;0.0;0.0;89.999954
J0:19:21:16:728;37891.0;-84427.0;-53621.0;0.0;0.0;89.999954
J0:19:21:17:134;37891.0;-84427.0;-53621.0;0.0;0.0;89.999954
J0:19:21:17:534;37891.0;-84427.0;-53621.0;0.0;0.0;89.999954
J0:19:21:17:927;37891.0;-84427.0;-53621.0;0.0;0.0;89.999954
J0:19:21:18:327;37891.0;-84427.0;-53621.0;0.0;0.0;89.999954
J0:19:21:18:727;37891.0;-84427.0;-53621.0;0.0;0.0;89.999954
J0:19:21:19:133;37891.0;-84427.0;-53621.0;0.0;0.0;89.999954
J0:19:21:19:533;37891.0;-84427.0;-53621.0;0.0;0.0;89.999954
J0:19:21:19:926;37891.0;-84427.0;-53621.0;0.0;0.0;89.999954
J0:19:21:20:326;37891.0;-84427.0;-53621.0;0.0;0.0;89.999954
J0:19:21:20:726;37891.0;-84427.0;-53621.0;0.0;0.0;89.999954
J0:19:21:21:132;37891.0;-84427.0;-53621.0;0.0;0.0;89.999954
J0:19:21:21:532;37891.0;-84427.0;-53621.0;0.0;0.0;89.999954
J0:19:21:21:931;37891.0;-84427.0;-53621.0;0.0;0.0;89.999954
J0:19:21:22:325;37891.0;-84427.0;-53621.0;0.0;0.0;89.999954
J0:19:21:22:724;37891.0;-84427.0;-53621.0;0.0;0.0;89.999954
J0:19:21:23:131;37891.0;-84427.0;-53621.0;0.0;0.0;89.999954
J0:19:21:23:530;37891.0;-84427.0;-53621.0;0.0;0.0;89.999954
J0:19:21:23:930;37891.0;-84427.0;-53621.0;0.0;0.0;89.999954
J0:19:21:24:330;37891.0;-84427.0;-53621.0;0.0;0.0;89.999954
J0:19:21:24:723;37891.0;-84427.0;-53621.0;0.0;0.0;89.999954
J0:19:21:25:130;37891.0;-84427.0;-53621.0;0.0;0.0;89.999954
J0:19:21:25:529;37891.0;-84427.0;-53621.0;0.0;0.0;89.999954
J0:19:21:25:929;37891.0;-84427.0;-53621.0;0.0;0.0;89.999954
J0:19:21:26:329;37891.0;-84427.0;-53621.0;0.0;0.0;89.999954
J0:19:21:26:729;37891.0;-84427.0;-53621.0;0.0;0.0;89.999954
J0:19:21:27:135;37891.0;-84427.0;-53621.0;0.0;0.0;89.999954
J0:19:21:27:528;37891.0;-84427.0;-53621.0;0.0;0.0;89.999954
J0:19:21:27:928;37891.0;-84427.0;-53621.0;0.0;0.0;89.999954
J0:19:21:28:328;37891.0;-84427.0;-53621.0;0.0;0.0;89.999954
J0:19:21:28:727;37891.0;-84427.0;-53621.0;0.0;0.0;89.999954
J0:19:21:29:134;37891.0;-84427.0;-53621.0;0.0;0.0;89.999954
J0:19:21:29:534;37891.0;-84427.0;-53621.0;0.0;0.0;89.999954
J0:19:21:29:927;37891.0;-84427.0;-53621.0;0.0;0.0;89.999954
J0:19:21:30:327;37891.0;-84427.0;-53621.0;0.0;0.0;89.999954
J0:19:21:30:726;37891.0;-84427.0;-53621.0;0.0;0.0;89.999954
J0:19:21:31:133;37891.0;-84427.0;-53621.0;0.0;0.0;89.999954
J0:19:21:31:532;37891.0;-84427.0;-53621.0;0.0;0.0;89.999954
J0:19:21:31:932;37891.0;-84427.0;-53621.0;0.0;0.0;89.999954
J0:19:21:32:325;37891.0;-84427.0;-53621.0;0.0;0.0;89.999954
J0:19:21:32:725;37891.0;-84427.0;-53621.0;0.0;0.0;89.999954
J0:19:21:33:131;37891.0;-84427.0;-53621.0;0.0;0.0;89.999954
J0:19:21:33:531;37891.0;-84427.0;-53621.0;0.0;0.0;89.999954
J0:19:21:33:931;37891.0;-84427.0;-53621.0;0.0;0.0;89.999954
J0:19:21:34:331;37891.0;-84427.0;-53621.0;0.0;0.0;89.999954
J0:19:21:34:724;37891.0;-84427.0;-53621.0;0.0;0.0;89.999954
J0:19:21:35:130;37891.0;-84427.0;-53621.0;0.0;0.0;89.999954
J0:19:21:35:530;37891.0;-84427.0;-53621.0;0.0;0.0;89.999954
J0:19:21:35:930;37891.0;-84427.0;-53621.0;0.0;0.0;89.999954
J0:19:21:36:330;37891.0;-84427.0;-53621.0;0.0;0.0;89.999954
J0:19:21:36:723;37891.0;-84427.0;-53621.0;0.0;0.0;89.999954
J0:19:21:37:129;37891.0;-84427.0;-53621.0;0.0;0.0;89.999954
J0:19:21:37:529;37891.0;-84427.0;-53621.0;0.0;0.0;89.999954
J0:19:21:37:929;37891.0;-84427.0;-53621.0;0.0;0.0;89.999954
J0:19:21:38:328;37891.0;-84427.0;-53621.0;0.0;0.0;89.999954
J0:19:21:38:728;37891.0;-84427.0;-53621.0;0.0;0.0;89.999954
J0:19:21:39:135;37891.0;-84427.0;-53621.0;0.0;0.0;89.999954
J0:19:21:39:528;37891.0;-84427.0;-53621.0;0.0;0.0;89.999954
J0:19:21:39:928;37891.0;-84427.0;-53621.0;0.0;0.0;89.999954
J0:19:21:40:327;37891.0;-84427.0;-53621.0;0.0;0.0;89.999954
J0:19:21:40:727;37891.0;-84427.0;-53621.0;0.0;0.0;89.999954
J0:19:21:41:133;37891.0;-84427.0;-53621.0;0.0;0.0;89.999954
J0:19:21:41:533;37891.0;-84427.0;-53621.0;0.0;0.0;89.999954
J0:19:21:41:926;37891.0;-84427.0;-53621.0;0.0;0.0;89.999954
J0:19:21:42:326;37891.0;-84427.0;-53621.0;0.0;0.0;89.999954
J0:19:21:42:726;37891.0;-84427.0;-53621.0;0.0;0.0;89.999954
J0:19:21:43:132;37891.0;-84427.0;-53621.0;0.0;0.0;89.999954
J0:19:21:43:532;37891.0;-84427.0;-53621.0;0.0;0.0;89.999954
J0:19:21:43:932;37891.0;-84427.0;-53621.0;0.0;0.0;89.999954
J0:19:21:44:325;37891.0;-84427.0;-53621.0;0.0;0.0;89.999954
J0:19:21:44:725;37891.0;-84427.0;-53621.0;0.0;0.0;89.999954
J0:19:21:45:131;37891.0;-84427.0;-53621.0;0.0;0.0;89.999954
J0:19:21:45:531;37891.0;-84427.0;-53621.0;0.0;0.0;89.999954
J0:19:21:45:931;37891.0;-84427.0;-53621.0;0.0;0.0;89.999954
J0:19:21:46:330;37891.0;-84427.0;-53621.0;0.0;0.0;89.999954
J0:19:21:46:724;37891.0;-84427.0;-53621.0;0.0;0.0;89.999954
J0:19:21:47:130;37891.0;-84427.0;-53621.0;0.0;0.0;89.999954
J0:19:21:47:530;37891.0;-84427.0;-53621.0;0.0;0.0;89.999954
J0:19:21:47:930;37891.0;-84427.0;-53621.0;0.0;0.0;89.999954
J0:19:21:48:329;37891.0;-84427.0;-53621.0;0.0;0.0;89.999954
J0:19:21:48:729;37891.0;-84427.0;-53621.0;0.0;0.0;89.999954
J0:19:21:49:135;37891.0;-84427.0;-53621.0;0.0;0.0;89.999954
J0:19:21:49:529;37891.0;-84427.0;-53621.0;0.0;0.0;89.999954
J0:19:21:49:928;37891.0;-84427.0;-53621.0;0.0;0.0;89.999954
J0:19:21:50:328;37891.0;-84427.0;-53621.0;0.0;0.0;89.999954
J0:19:21:50:728;37891.0;-84427.0;-53621.0;0.0;0.0;89.999954
J0:19:21:51:134;37891.0;-84427.0;-53621.0;0.0;0.0;89.999954
J0:19:21:51:534;37891.0;-84427.0;-53621.0;0.0;0.0;89.999954
J0:19:21:51:927;37891.0;-84427.0;-53621.0;0.0;0.0;89.999954
J0:19:21:52:327;37891.0;-84427.0;-53621.0;0.0;0.0;89.999954
J0:19:21:52:727;37891.0;-84427.0;-53621.0;0.0;0.0;89.999954
J0:19:21:53:133;37891.0;-84427.0;-53621.0;0.0;0.0;89.999954
J0:19:21:53:533;37891.0;-84427.0;-53621.0;0.0;0.0;89.999954
J0:19:21:53:926;37891.0;-84427.0;-53621.0;0.0;0.0;89.999954
J0:19:21:54:326;37891.0;-84427.0;-53621.0;0.0;0.0;89.999954
J0:19:21:54:726;37891.0;-84427.0;-53621.0;0.0;0.0;89.999954
J0:19:21:55:132;37891.0;-84427.0;-53621.0;0.0;0.0;89.999954
J0:19:21:55:532;37891.0;-84427.0;-53621.0;0.0;0.0;89.999954
J0:19:21:55:931;37891.0;-84427.0;-53621.0;0.0;0.0;89.999954
J0:19:21:56:325;37891.0;-84427.0;-53621.0;0.0;0.0;89.999954
J0:19:21:56:724;37891.0;-84427.0;-53621.0;0.0;0.0;89.999954
J0:19:21:57:131;37891.0;-84427.0;-53621.0;0.0;0.0;89.999954
J0:19:21:57:531;37891.0;-84427.0;-53621.0;0.0;0.0;89.999954
J0:19:21:57:930;37891.0;-84427.0;-53621.0;0.0;0.0;89.999954
J0:19:21:58:330;37891.0;-84427.0;-53621.0;0.0;0.0;89.999954
J0:19:21:58:723;37891.0;-84427.0;-53621.0;0.0;0.0;89.999954
J0:19:21:59:130;37891.0;-84427.0;-53621.0;0.0;0.0;89.999954
J0:19:21:59:529;37891.0;-84427.0;-53621.0;0.0;0.0;89.999954
J0:19:21:59:929;37891.0;-84427.0;-53621.0;0.0;0.0;89.999954
J0:19:22:00:329;37891.0;-84427.0;-53621.0;0.0;0.0;89.999954
J0:19:22:00:729;37891.0;-84427.0;-53621.0;0.0;0.0;89.999954
J0:19:22:01:135;37891.0;-84427.0;-53621.0;0.0;0.0;89.999954
J0:19:22:01:528;37891.0;-84427.0;-53621.0;0.0;0.0;89.999954
J0:19:22:01:928;37891.0;-84427.0;-53621.0;0.0;0.0;89.999954
J0:19:22:02:328;37891.0;-84427.0;-53621.0;0.0;0.0;89.999954
J0:19:22:02:728;37891.0;-84427.0;-53621.0;0.0;0.0;89.999954
J0:19:22:03:134;37891.0;-84427.0;-53621.0;0.0;0.0;89.999954
J0:19:22:03:534;37891.0;-84427.0;-53621.0;0.0;0.0;89.999954
J0:19:22:03:927;37891.0;-84427.0;-53621.0;0.0;0.0;89.999954
J0:19:22:04:327;37891.0;-84427.0;-53621.0;0.0;0.0;89.999954
J0:19:22:04:726;37891.0;-84427.0;-53621.0;0.0;0.0;89.999954
J0:19:22:05:133;37891.0;-84427.0;-53621.0;0.0;0.0;89.999954
J0:19:22:05:532;37891.0;-84427.0;-53621.0;0.0;0.0;89.999954
J0:19:22:05:932;37891.0;-84427.0;-53621.0;0.0;0.0;89.999954
J0:19:22:06:325;37891.0;-84427.0;-53621.0;0.0;0.0;89.999954
J0:19:22:06:725;37891.0;-84427.0;-53621.0;0.0;0.0;89.999954
J0:19:22:07:132;37891.0;-84427.0;-53621.0;0.0;0.0;89.999954
J0:19:22:07:531;37891.0;-84427.0;-53621.0;0.0;0.0;89.999954
J0:19:22:07:931;37891.0;-84427.0;-53621.0;0.0;0.0;89.999954
J0:19:22:08:331;37891.0;-84427.0;-53621.0;0.0;0.0;89.999954
J0:19:22:08:724;37891.0;-84427.0;-53621.0;0.0;0.0;89.999954
J0:19:22:09:130;37891.0;-84427.0;-53621.0;0.0;0.0;89.999954
J0:19:22:09:530;37891.0;-84427.0;-53621.0;0.0;0.0;89.999954
J0:19:22:09:930;37891.0;-84427.0;-53621.0;0.0;0.0;89.999954
J0:19:22:10:330;37891.0;-84427.0;-53621.0;0.0;0.0;89.999954
J0:19:22:10:723;37891.0;-84427.0;-53621.0;0.0;0.0;89.999954
J0:19:22:11:129;37891.0;-84427.0;-53621.0;0.0;0.0;89.999954
J0:19:22:11:529;37891.0;-84427.0;-53621.0;0.0;0.0;89.999954
J0:19:22:11:929;37891.0;-84427.0;-53621.0;0.0;0.0;89.999954
J0:19:22:12:329;37891.0;-84427.0;-53621.0;0.0;0.0;89.999954
J0:19:22:12:728;37891.0;-84427.0;-53621.0;0.0;0.0;89.999954
J0:19:22:13:135;37891.0;-84427.0;-53621.0;0.0;0.0;89.999954
J0:19:22:13:528;37891.0;-84427.0;-53621.0;0.0;0.0;89.999954
J0:19:22:13:928;37891.0;-84427.0;-53621.0;0.0;0.0;89.999954
J0:19:22:14:327;37891.0;-84427.0;-53621.0;0.0;0.0;89.999954
J0:19:22:14:727;37891.0;-84427.0;-53621.0;0.0;0.0;89.999954
J0:19:22:15:134;37891.0;-84427.0;-53621.0;0.0;0.0;89.999954
J0:19:22:15:533;37891.0;-84427.0;-53621.0;0.0;0.0;89.999954
J0:19:22:15:926;37891.0;-84427.0;-53621.0;0.0;0.0;89.999954
J0:19:22:16:326;37891.0;-84427.0;-53621.0;0.0;0.0;89.999954
J0:19:22:16:726;37891.0;-84427.0;-53621.0;0.0;0.0;89.999954
J0:19:22:17:132;37891.0;-84427.0;-53621.0;0.0;0.0;89.999954
J0:19:22:17:532;37891.0;-84427.0;-53621.0;0.0;0.0;89.999954
J0:19:22:17:932;37891.0;-84427.0;-53621.0;0.0;0.0;89.999954
J0:19:22:18:325;37891.0;-84427.0;-53621.0;0.0;0.0;89.999954
J0:19:22:18:725;37891.0;-84427.0;-53621.0;0.0;0.0;89.999954
J0:19:22:19:131;37891.0;-84427.0;-53621.0;0.0;0.0;89.999954
J0:19:22:19:531;37891.0;-84427.0;-53621.0;0.0;0.0;89.999954
J0:19:22:19:931;37891.0;-84427.0;-53621.0;0.0;0.0;89.999954
J0:19:22:20:331;37891.0;-84427.0;-53621.0;0.0;0.0;89.999954
J0:19:22:20:724;37891.0;-84427.0;-53621.0;0.0;0.0;89.999954
J0:19:22:21:130;37891.0;-84427.0;-53621.0;0.0;0.0;89.999954
J0:19:22:21:530;37891.0;-84427.0;-53621.0;0.0;0.0;89.999954
J0:19:22:21:930;37891.0;-84427.0;-53621.0;0.0;0.0;89.999954
J0:19:22:22:329;37891.0;-84427.0;-53621.0;0.0;0.0;89.999954
J0:19:22:22:729;37891.0;-84427.0;-53621.0;0.0;0.0;89.999954
J0:19:22:23:135;37891.0;-84427.0;-53621.0;0.0;0.0;89.999954
J0:19:22:23:529;37891.0;-84427.0;-53621.0;0.0;0.0;89.999954
J0:19:22:23:928;37891.0;-84427.0;-53621.0;0.0;0.0;89.999954
J0:19:22:24:328;37891.0;-84427.0;-53621.0;0.0;0.0;89.999954
J0:19:22:24:728;37891.0;-84427.0;-53621.0;0.0;0.0;89.999954
J0:19:22:25:134;37891.0;-84427.0;-53621.0;0.0;0.0;89.999954
J0:19:22:25:528;37891.0;-84427.0;-53621.0;0.0;0.0;89.999954
J0:19:22:25:927;37891.0;-84427.0;-53621.0;0.0;0.0;89.999954
J0:19:22:26:327;37891.0;-84427.0;-53621.0;0.0;0.0;89.999954
J0:19:22:26:727;37891.0;-84427.0;-53621.0;0.0;0.0;89.999954
J0:19:22:27:133;37891.0;-84427.0;-53621.0;0.0;0.0;89.999954
J0:19:22:27:533;37891.0;-84427.0;-53621.0;0.0;0.0;89.999954
J0:19:22:27:926;37891.0;-84427.0;-53621.0;0.0;0.0;89.999954
J0:19:22:28:326;37891.0;-84427.0;-53621.0;0.0;0.0;89.999954
J0:19:22:28:726;37891.0;-84427.0;-53621.0;0.0;0.0;89.999954
J0:19:22:29:125;37891.0;-84427.0;-53621.0;0.0;0.0;89.999954
J0:19:22:29:532;37891.0;-84427.0;-53621.0;0.0;0.0;89.999954
J0:19:22:29:932;37891.0;-84427.0;-53621.0;0.0;0.0;89.999954
J0:19:22:30:325;37891.0;-84427.0;-53621.0;0.0;0.0;89.999954
J0:19:22:30:725;37891.0;-84427.0;-53621.0;0.0;0.0;89.999954
J0:19:22:31:124;37891.0;-84427.0;-53621.0;0.0;0.0;89.999954
J0:19:22:31:531;37891.0;-84427.0;-53621.0;0.0;0.0;89.999954
J0:19:22:31:930;37891.0;-84427.0;-53621.0;0.0;0.0;89.999954
J0:19:22:32:330;37891.0;-84427.0;-53621.0;0.0;0.0;89.999954
J0:19:22:32:723;37891.0;-84427.0;-53621.0;0.0;0.0;89.999954
J0:19:22:33:123;37891.0;-84427.0;-53621.0;0.0;0.0;89.999954
J0:19:22:33:529;37891.0;-84427.0;-53621.0;0.0;0.0;89.999954
J0:19:22:33:929;37891.0;-84427.0;-53621.0;0.0;0.0;89.999954
J0:19:22:34:329;37891.0;-84427.0;-53621.0;0.0;0.0;89.999954
J0:19:22:34:729;37891.0;-84427.0;-53621.0;0.0;0.0;89.999954
J0:19:22:35:122;37891.0;-84427.0;-53621.0;0.0;0.0;89.999954
J0:19:22:35:528;37891.0;-84427.0;-53621.0;0.0;0.0;89.999954
J0:19:22:35:928;37891.0;-84427.0;-53621.0;0.0;0.0;89.999954
J0:19:22:36:328;37891.0;-84427.0;-53621.0;0.0;0.0;89.999954
J0:19:22:36:728;37891.0;-84427.0;-53621.0;0.0;0.0;89.999954
J0:19:22:37:127;37891.0;-84427.0;-53621.0;0.0;0.0;89.999954
J0:19:22:37:534;37891.0;-84427.0;-53621.0;0.0;0.0;89.999954
J0:19:22:37:927;37891.0;-84427.0;-53621.0;0.0;0.0;89.999954
J0:19:22:38:327;37891.0;-84427.0;-53621.0;0.0;0.0;89.999954
J0:19:22:38:726;37891.0;-84427.0;-53621.0;0.0;0.0;89.999954
J0:19:22:39:126;37891.0;-84427.0;-53621.0;0.0;0.0;89.999954
J0:19:22:39:533;37891.0;-84427.0;-53621.0;0.0;0.0;89.999954
J0:19:22:39:932;37891.0;-84427.0;-53621.0;0.0;0.0;89.999954
J0:19:22:40:326;37891.0;-84427.0;-53621.0;0.0;0.0;89.999954
J0:19:22:40:725;37891.0;-84427.0;-53621.0;0.0;0.0;89.999954
J0:19:22:41:125;37891.0;-84427.0;-53621.0;0.0;0.0;89.999954
J0:19:22:41:531;37891.0;-84427.0;-53621.0;0.0;0.0;89.999954
J0:19:22:41:931;37891.0;-84427.0;-53621.0;0.0;0.0;89.999954
J0:19:22:42:324;37891.0;-84427.0;-53621.0;0.0;0.0;89.999954
J0:19:22:42:724;37891.0;-84427.0;-53621.0;0.0;0.0;89.999954
J0:19:22:43:124;37891.0;-84427.0;-53621.0;0.0;0.0;89.999954
J0:19:22:43:530;37891.0;-84427.0;-53621.0;0.0;0.0;89.999954
J0:19:22:43:930;37891.0;-84427.0;-53621.0;0.0;0.0;89.999954
J0:19:22:44:330;37891.0;-84427.0;-53621.0;0.0;0.0;89.999954
J0:19:22:44:723;37891.0;-84427.0;-53621.0;0.0;0.0;89.999954
J0:19:22:45:123;37891.0;-84427.0;-53621.0;0.0;0.0;89.999954
J0:19:22:45:529;37891.0;-84427.0;-53621.0;0.0;0.0;89.999954
J0:19:22:45:929;37891.0;-84427.0;-53621.0;0.0;0.0;89.999954
J0:19:22:46:329;37891.0;-84427.0;-53621.0;0.0;0.0;89.999954
J0:19:22:46:728;37891.0;-84427.0;-53621.0;0.0;0.0;89.999954
J0:19:22:47:122;37891.0;-84427.0;-53621.0;0.0;0.0;89.999954
J0:19:22:47:528;37891.0;-84427.0;-53621.0;0.0;0.0;89.999954
J0:19:22:47:928;37891.0;-84427.0;-53621.0;0.0;0.0;89.999954
J0:19:22:48:327;37891.0;-84427.0;-53621.0;0.0;0.0;89.999954
J0:19:22:48:727;37891.0;-84427.0;-53621.0;0.0;0.0;89.999954
J0:19:22:49:127;37891.0;-84427.0;-53621.0;0.0;0.0;89.999954
J0:19:22:49:533;37891.0;-84427.0;-53621.0;0.0;0.0;89.999954
J0:19:22:49:927;37891.0;-84427.0;-53621.0;0.0;0.0;89.999954
J0:19:22:50:326;37891.0;-84427.0;-53621.0;0.0;0.0;89.999954
J0:19:22:50:726;37891.0;-84427.0;-53621.0;0.0;0.0;89.999954
J0:19:22:51:126;37891.0;-84427.0;-53621.0;0.0;0.0;89.999954
J0:19:22:51:532;37891.0;-84427.0;-53621.0;0.0;0.0;89.999954
J0:19:22:51:932;37891.0;-84427.0;-53621.0;0.0;0.0;89.999954
J0:19:22:52:325;37891.0;-84427.0;-53621.0;0.0;0.0;89.999954
J0:19:22:52:725;37891.0;-84427.0;-53621.0;0.0;0.0;89.999954
J0:19:22:53:125;37891.0;-84427.0;-53621.0;0.0;0.0;89.999954
J0:19:22:53:531;37891.0;-84427.0;-53621.0;0.0;0.0;89.999954
J0:19:22:53:931;37891.0;-84427.0;-53621.0;0.0;0.0;89.999954
J0:19:22:54:331;37891.0;-84427.0;-53621.0;0.0;0.0;89.999954
J0:19:22:54:724;37891.0;-84427.0;-53621.0;0.0;0.0;89.999954
J0:19:22:55:124;37891.0;-84427.0;-53621.0;0.0;0.0;89.999954
J0:19:22:55:530;37891.0;-84427.0;-53621.0;0.0;0.0;89.999954
J0:19:22:55:930;37891.0;-84427.0;-53621.0;0.0;0.0;89.999954
J0:19:22:56:329;37891.0;-84427.0;-53621.0;0.0;0.0;89.999954
J0:19:22:56:729;37891.0;-84427.0;-53621.0;0.0;0.0;89.999954
J0:19:22:57:122;37891.0;-84427.0;-53621.0;0.0;0.0;89.999954
J0:19:22:57:529;37891.0;-84427.0;-53621.0;0.0;0.0;89.999954
J0:19:22:57:929;37891.0;-84427.0;-53621.0;0.0;0.0;89.999954
J0:19:22:58:328;37891.0;-84427.0;-53621.0;0.0;0.0;89.999954
J0:19:22:58:728;37891.0;-84427.0;-53621.0;0.0;0.0;89.999954
J0:19:22:59:121;37891.0;-84427.0;-53621.0;0.0;0.0;89.999954
J0:19:22:59:528;37891.0;-84427.0;-53621.0;0.0;0.0;89.999954
J0:19:22:59:927;37891.0;-84427.0;-53621.0;0.0;0.0;89.999954
J0:19:23:00:327;37891.0;-84427.0;-53621.0;0.0;0.0;89.999954
J0:19:23:00:727;37891.0;-84427.0;-53621.0;0.0;0.0;89.999954
J0:19:23:01:127;37891.0;-84427.0;-53621.0;0.0;0.0;89.999954
J0:19:23:01:533;37891.0;-84427.0;-53621.0;0.0;0.0;89.999954
J0:19:23:01:926;37891.0;-84427.0;-53621.0;0.0;0.0;89.999954
J0:19:23:02:326;37891.0;-84427.0;-53621.0;0.0;0.0;89.999954
J0:19:23:02:726;37891.0;-84427.0;-53621.0;0.0;0.0;89.999954
J0:19:23:03:126;37891.0;-84427.0;-53621.0;0.0;0.0;89.999954
J0:19:23:03:532;37891.0;-84427.0;-53621.0;0.0;0.0;89.999954
J0:19:23:03:932;37891.0;-84427.0;-53621.0;0.0;0.0;89.999954
J0:19:23:04:325;37891.0;-84427.0;-53621.0;0.0;0.0;89.999954
J0:19:23:04:725;37891.0;-84427.0;-53621.0;0.0;0.0;89.999954
J0:19:23:05:124;37891.0;-84427.0;-53621.0;0.0;0.0;89.999954
J0:19:23:05:531;37891.0;-84427.0;-53621.0;0.0;0.0;89.999954
J0:19:23:05:930;37891.0;-84427.0;-53621.0;0.0;0.0;89.999954
J0:19:23:06:330;37891.0;-84427.0;-53621.0;0.0;0.0;89.999954
J0:19:23:06:723;37891.0;-84427.0;-53621.0;0.0;0.0;89.999954
J0:19:23:07:123;37891.0;-84427.0;-53621.0;0.0;0.0;89.999954
J0:19:23:07:530;37891.0;-84427.0;-53621.0;0.0;0.0;89.999954
J0:19:23:07:929;37891.0;-84427.0;-53621.0;0.0;0.0;89.999954
J0:19:23:08:329;37891.0;-84427.0;-53621.0;0.0;0.0;89.999954
J0:19:23:08:729;37891.0;-84427.0;-53621.0;0.0;0.0;89.999954
J0:19:23:09:122;37891.0;-84427.0;-53621.0;0.0;0.0;89.999954
J0:19:23:09:528;37891.0;-84427.0;-53621.0;0.0;0.0;89.999954
J0:19:23:09:928;37891.0;-84427.0;-53621.0;0.0;0.0;89.999954
J0:19:23:10:328;37891.0;-84427.0;-53621.0;0.0;0.0;89.999954
J0:19:23:10:728;37891.0;-84427.0;-53621.0;0.0;0.0;89.999954
J0:19:23:11:127;37891.0;-84427.0;-53621.0;0.0;0.0;89.999954
J0:19:23:11:534;37891.0;-84427.0;-53621.0;0.0;0.0;89.999954
J0:19:23:11:927;37891.0;-84427.0;-53621.0;0.0;0.0;89.999954
J0:19:23:12:327;37891.0;-84427.0;-53621.0;0.0;0.0;89.999954
J0:19:23:12:727;37891.0;-84427.0;-53621.0;0.0;0.0;89.999954
J0:19:23:13:126;37891.0;-84427.0;-53621.0;0.0;0.0;89.999954
J0:19:23:13:533;37891.0;-84427.0;-53621.0;0.0;0.0;89.999954
J0:19:23:13:932;37891.0;-84427.0;-53621.0;0.0;0.0;89.999954
J0:19:23:14:326;37891.0;-84427.0;-53621.0;0.0;0.0;89.999954
J0:19:23:14:725;37891.0;-84427.0;-53621.0;0.0;0.0;89.999954
J0:19:23:15:125;37891.0;-84427.0;-53621.0;0.0;0.0;89.999954
J0:19:23:15:531;37891.0;-84427.0;-53621.0;0.0;0.0;89.999954
J0:19:23:15:931;37891.0;-84427.0;-53621.0;0.0;0.0;89.999954
J0:19:23:16:324;37891.0;-84427.0;-53621.0;0.0;0.0;89.999954
J0:19:23:16:724;37891.0;-84427.0;-53621.0;0.0;0.0;89.999954
J0:19:23:17:124;37891.0;-84427.0;-53621.0;0.0;0.0;89.999954
J0:19:23:17:530;37891.0;-84427.0;-53621.0;0.0;0.0;89.999954
J0:19:23:17:930;37891.0;-84427.0;-53621.0;0.0;0.0;89.999954
J0:19:23:18:330;37891.0;-84427.0;-53621.0;0.0;0.0;89.999954
J0:19:23:18:723;37891.0;-84427.0;-53621.0;0.0;0.0;89.999954
J0:19:23:19:123;37891.0;-84427.0;-53621.0;0.0;0.0;89.999954
J0:19:23:19:529;37891.0;-84427.0;-53621.0;0.0;0.0;89.999954
J0:19:23:19:929;37891.0;-84427.0;-53621.0;0.0;0.0;89.999954
J0:19:23:20:329;37891.0;-84427.0;-53621.0;0.0;0.0;89.999954
J0:19:23:20:728;37891.0;-84427.0;-53621.0;0.0;0.0;89.999954
J0:19:23:21:122;37891.0;-84427.0;-53621.0;0.0;0.0;89.999954
J0:19:23:21:528;37891.0;-84427.0;-53621.0;0.0;0.0;89.999954
J0:19:23:21:928;37891.0;-84427.0;-53621.0;0.0;0.0;89.999954
J0:19:23:22:328;37891.0;-84427.0;-53621.0;0.0;0.0;89.999954
J0:19:23:22:727;37891.0;-84427.0;-53621.0;0.0;0.0;89.999954
J0:19:23:23:127;37891.0;-84427.0;-53621.0;0.0;0.0;89.999954
J0:19:23:23:533;37891.0;-84427.0;-53621.0;0.0;0.0;89.999954
J0:19:23:23:927;37891.0;-84427.0;-53621.0;0.0;0.0;89.999954
J0:19:23:24:326;37891.0;-84427.0;-53621.0;0.0;0.0;89.999954
J0:19:23:24:726;37891.0;-84427.0;-53621.0;0.0;0.0;89.999954
J0:19:23:25:126;37891.0;-84427.0;-53621.0;0.0;0.0;89.999954
J0:19:23:25:532;37891.0;-84427.0;-53621.0;0.0;0.0;89.999954
J0:19:23:25:932;37891.0;-84427.0;-53621.0;0.0;0.0;89.999954
J0:19:23:26:325;37891.0;-84427.0;-53621.0;0.0;0.0;89.999954
J0:19:23:26:725;37891.0;-84427.0;-53621.0;0.0;0.0;89.999954
J0:19:23:27:125;37891.0;-84427.0;-53621.0;0.0;0.0;89.999954
J0:19:23:27:531;37891.0;-84427.0;-53621.0;0.0;0.0;89.999954
J0:19:23:27:931;37891.0;-84427.0;-53621.0;0.0;0.0;89.999954
J0:19:23:28:331;37891.0;-84427.0;-53621.0;0.0;0.0;89.999954
J0:19:23:28:724;37891.0;-84427.0;-53621.0;0.0;0.0;89.999954
J0:19:23:29:124;37891.0;-84427.0;-53621.0;0.0;0.0;89.999954
J0:19:23:29:530;37891.0;-84427.0;-53621.0;0.0;0.0;89.999954
J0:19:23:29:930;37891.0;-84427.0;-53621.0;0.0;0.0;89.999954
J0:19:23:30:330;37891.0;-84427.0;-53621.0;0.0;0.0;89.999954
J0:19:23:30:729;37891.0;-84427.0;-53621.0;0.0;0.0;89.999954
J0:19:23:31:122;37891.0;-84427.0;-53621.0;0.0;0.0;89.999954
J0:19:23:31:529;37891.0;-84427.0;-53621.0;0.0;0.0;89.999954
J0:19:23:31:929;37891.0;-84427.0;-53621.0;0.0;0.0;89.999954
J0:19:23:32:328;37891.0;-84427.0;-53621.0;0.0;0.0;89.999954
J0:19:23:32:728;37891.0;-84427.0;-53621.0;0.0;0.0;89.999954
J0:19:23:33:121;37891.0;-84427.0;-53621.0;0.0;0.0;89.999954
J0:19:23:33:528;37891.0;-84427.0;-53621.0;0.0;0.0;89.999954
J0:19:23:33:927;37891.0;-84427.0;-53621.0;0.0;0.0;89.999954
J0:19:23:34:327;37891.0;-84427.0;-53621.0;0.0;0.0;89.999954
J0:19:23:34:727;37891.0;-84427.0;-53621.0;0.0;0.0;89.999954
J0:19:23:35:127;37891.0;-84427.0;-53621.0;0.0;0.0;89.999954
J0:19:23:35:533;37891.0;-84427.0;-53621.0;0.0;0.0;89.999954
J0:19:23:35:926;37891.0;-84427.0;-53621.0;0.0;0.0;89.999954
J0:19:23:36:326;37891.0;-84427.0;-53621.0;0.0;0.0;89.999954
J0:19:23:36:726;37891.0;-84427.0;-53621.0;0.0;0.0;89.999954
J0:19:23:37:126;37891.0;-84427.0;-53621.0;0.0;0.0;89.999954
J0:19:23:37:532;37891.0;-84427.0;-53621.0;0.0;0.0;89.999954
J0:19:23:37:932;37891.0;-84427.0;-53621.0;0.0;0.0;89.999954
J0:19:23:38:325;37891.0;-84427.0;-53621.0;0.0;0.0;89.999954
J0:19:23:38:725;37891.0;-84427.0;-53621.0;0.0;0.0;89.999954
J0:19:23:39:124;37891.0;-84427.0;-53621.0;0.0;0.0;89.999954
J0:19:23:39:531;37891.0;-84427.0;-53621.0;0.0;0.0;89.999954
J0:19:23:39:931;37891.0;-84427.0;-53621.0;0.0;0.0;89.999954
J0:19:23:40:330;37891.0;-84427.0;-53621.0;0.0;0.0;89.999954
J0:19:23:40:724;37891.0;-84427.0;-53621.0;0.0;0.0;89.999954
J0:19:23:41:123;37891.0;-84427.0;-53621.0;0.0;0.0;89.999954
J0:19:23:41:530;37891.0;-84427.0;-53621.0;0.0;0.0;89.999954
J0:19:23:41:929;37891.0;-84427.0;-53621.0;0.0;0.0;89.999954
J0:19:23:42:329;37891.0;-84427.0;-53621.0;0.0;0.0;89.999954
J0:19:23:42:729;37891.0;-84427.0;-53621.0;0.0;0.0;89.999954
J0:19:23:43:122;37891.0;-84427.0;-53621.0;0.0;0.0;89.999954
J0:19:23:43:528;37891.0;-84427.0;-53621.0;0.0;0.0;89.999954
J0:19:23:43:928;37891.0;-84427.0;-53621.0;0.0;0.0;89.999954
J0:19:23:44:328;37891.0;-84427.0;-53621.0;0.0;0.0;89.999954
J0:19:23:44:728;37891.0;-84427.0;-53621.0;0.0;0.0;89.999954
J0:19:23:45:128;37891.0;-84427.0;-53621.0;0.0;0.0;89.999954
J0:19:23:45:534;37891.0;-84427.0;-53621.0;0.0;0.0;89.999954
J0:19:23:45:927;37891.0;-84427.0;-53621.0;0.0;0.0;89.999954
J0:19:23:46:327;37891.0;-84427.0;-53621.0;0.0;0.0;89.999954
J0:19:23:46:727;37891.0;-84427.0;-53621.0;0.0;0.0;89.999954
J0:19:23:47:126;37891.0;-84427.0;-53621.0;0.0;0.0;89.999954
J0:19:23:47:533;37891.0;-84427.0;-53621.0;0.0;0.0;89.999954
J0:19:23:47:926;37891.0;-84427.0;-53621.0;0.0;0.0;89.999954
J0:19:23:48:326;37891.0;-84427.0;-53621.0;0.0;0.0;89.999954
J0:19:23:48:725;37891.0;-84427.0;-53621.0;0.0;0.0;89.999954
J0:19:23:49:132;37891.0;-84427.0;-53621.0;0.0;0.0;89.999954
J0:19:23:49:532;37891.0;-84427.0;-53621.0;0.0;0.0;89.999954
J0:19:23:49:931;37891.0;-84427.0;-53621.0;0.0;0.0;89.999954
J0:19:23:50:325;37891.0;-84427.0;-53621.0;0.0;0.0;89.999954
J0:19:23:50:724;37891.0;-84427.0;-53621.0;0.0;0.0;89.999954
J0:19:23:51:131;37891.0;-84427.0;-53621.0;0.0;0.0;89.999954
J0:19:23:51:530;37891.0;-84427.0;-53621.0;0.0;0.0;89.999954
J0:19:23:51:930;37891.0;-84427.0;-53621.0;0.0;0.0;89.999954
J0:19:23:52:330;37891.0;-84427.0;-53621.0;0.0;0.0;89.999954
J0:19:23:52:723;37891.0;-84427.0;-53621.0;0.0;0.0;89.999954
J0:19:23:53:129;37891.0;-84427.0;-53621.0;0.0;0.0;89.999954
J0:19:23:53:529;37891.0;-84427.0;-53621.0;0.0;0.0;89.999954
J0:19:23:53:929;37891.0;-84427.0;-53621.0;0.0;0.0;89.999954
J0:19:23:54:329;37891.0;-84427.0;-53621.0;0.0;0.0;89.999954
J0:19:23:54:729;37891.0;-84427.0;-53621.0;0.0;0.0;89.999954
J0:19:23:55:135;37891.0;-84427.0;-53621.0;0.0;0.0;89.999954
J0:19:23:55:528;37891.0;-84427.0;-53621.0;0.0;0.0;89.999954
J0:19:23:55:928;37891.0;-84427.0;-53621.0;0.0;0.0;89.999954
J0:19:23:56:328;37891.0;-84427.0;-53621.0;0.0;0.0;89.999954
J0:19:23:56:727;37891.0;-84427.0;-53621.0;0.0;0.0;89.999954
J0:19:23:57:134;37891.0;-84427.0;-53621.0;0.0;0.0;89.999954
J0:19:23:57:534;37891.0;-84427.0;-53621.0;0.0;0.0;89.999954
J0:19:23:57:927;37891.0;-84427.0;-53621.0;0.0;0.0;89.999954
J0:19:23:58:326;37891.0;-84427.0;-53621.0;0.0;0.0;89.999954
J0:19:23:58:726;37891.0;-84427.0;-53621.0;0.0;0.0;89.999954
J0:19:23:59:133;37891.0;-84427.0;-53621.0;0.0;0.0;89.999954
J0:19:23:59:532;37891.0;-84427.0;-53621.0;0.0;0.0;89.999954
